city,date,temperature_max,temperature_min,precipitation_sum,precipitation_probability,wind_speed_max,wind_gust_max,weather_code,latitude,longitude,temperature_category,precipitation_category,wind_category,precipitation_risk,wind_risk,temperature_risk,risk_score,risk_level
Casablanca,2026-09-19,26.5,18.9,0.0,0,10.9,31.3,45,33.5992,-7.62,Normal,None,Normal,0.0,18.166666666666668,0.0,5.45,Low
Casablanca,2026-09-20,29.8,20.0,0.0,0,9.7,28.4,1,33.5992,-7.62,Normal,None,Normal,0.0,16.166666666666664,0.0,4.85,Low
Casablanca,2026-09-21,30.1,20.6,0.0,0,10.6,31.0,1,33.5992,-7.62,Hot,None,Normal,0.0,17.666666666666668,1.0000000000000142,5.6,Low
Casablanca,2026-09-22,29.0,19.9,0.0,0,9.8,28.8,45,33.5992,-7.62,Normal,None,Normal,0.0,16.333333333333336,0.0,4.9,Low
Casablanca,2026-09-23,28.6,19.5,0.0,0,9.5,28.8,45,33.5992,-7.62,Normal,None,Normal,0.0,15.833333333333332,0.0,4.75,Low
Casablanca,2026-09-24,29.4,18.0,0.0,0,11.3,30.2,45,33.5992,-7.62,Normal,None,Normal,0.0,18.833333333333336,0.0,5.65,Low
Casablanca,2026-09-25,26.5,20.0,0.0,0,12.0,33.1,45,33.5992,-7.62,Normal,None,Normal,0.0,20.0,0.0,6.0,Low
Tangier,2026-09-19,27.7,22.9,0.0,0,32.4,76.0,2,35.7767,-5.8039,Normal,None,Moderate,0.0,53.99999999999999,0.0,16.2,Low
Tangier,2026-09-20,28.3,23.8,0.0,0,32.0,74.9,1,35.7767,-5.8039,Normal,None,Moderate,0.0,53.333333333333336,0.0,16.0,Low
Tangier,2026-09-21,28.6,22.8,0.0,0,28.5,66.6,3,35.7767,-5.8039,Normal,None,Moderate,0.0,47.5,0.0,14.25,Low
Tangier,2026-09-22,28.6,21.7,0.0,0,24.9,57.6,2,35.7767,-5.8039,Normal,None,Moderate,0.0,41.5,0.0,12.45,Low
Tangier,2026-09-23,29.8,21.3,0.0,0,18.5,43.6,0,35.7767,-5.8039,Normal,None,Normal,0.0,30.833333333333336,0.0,9.25,Low
Tangier,2026-09-24,28.0,22.3,0.0,0,24.9,45.7,1,35.7767,-5.8039,Normal,None,Moderate,0.0,41.5,0.0,12.45,Low
Tangier,2026-09-25,24.8,18.3,0.0,0,10.1,20.9,45,35.7767,-5.8039,Normal,None,Normal,0.0,16.833333333333332,0.0,5.05,Low
Fès,2026-09-19,33.9,21.2,0.0,5,16.2,41.0,2,34.0433,-5.0033,Hot,None,Normal,1.5,26.999999999999996,38.999999999999986,20.4,Low
Fès,2026-09-20,35.2,21.8,0.0,0,14.3,36.7,1,34.0433,-5.0033,Very Hot,None,Normal,0.0,23.833333333333336,52.00000000000002,22.75,Low
Fès,2026-09-21,34.6,21.8,0.0,0,12.1,32.0,1,34.0433,-5.0033,Hot,None,Normal,0.0,20.166666666666664,46.000000000000014,19.85,Low
Fès,2026-09-22,33.6,20.8,0.0,0,10.0,27.4,0,34.0433,-5.0033,Hot,None,Normal,0.0,16.666666666666664,36.000000000000014,15.8,Low
Fès,2026-09-23,34.7,20.2,0.0,0,9.5,25.2,0,34.0433,-5.0033,Hot,None,Normal,0.0,15.833333333333332,47.00000000000003,18.85,Low
Fès,2026-09-24,36.0,20.6,0.0,0,13.7,33.5,2,34.0433,-5.0033,Very Hot,None,Normal,0.0,22.833333333333332,60.0,24.85,Low
Fès,2026-09-25,33.5,20.0,0.0,0,16.3,40.3,3,34.0433,-5.0033,Hot,None,Normal,0.0,27.166666666666668,35.0,18.65,Low
Marrakech,2026-09-19,36.4,20.3,0.1,23,9.9,28.8,3,31.6295,-7.9811,Very Hot,Light,Normal,7.133333333333334,16.5,63.99999999999999,27.0,Low
Marrakech,2026-09-20,37.1,23.2,0.2,48,13.7,32.8,80,31.6295,-7.9811,Very Hot,Light,Normal,14.866666666666665,22.833333333333332,71.00000000000001,34.1,Medium
Marrakech,2026-09-21,37.5,22.1,0.0,3,14.8,41.8,3,31.6295,-7.9811,Very Hot,None,Normal,0.8999999999999999,24.666666666666668,75.0,30.26,Medium
Marrakech,2026-09-22,37.6,20.2,0.0,0,11.9,32.4,2,31.6295,-7.9811,Very Hot,None,Normal,0.0,19.833333333333332,76.00000000000001,28.75,Low
Marrakech,2026-09-23,37.6,20.5,0.0,0,9.1,24.1,3,31.6295,-7.9811,Very Hot,None,Normal,0.0,15.166666666666668,76.00000000000001,27.35,Low
Marrakech,2026-09-24,37.1,20.6,0.0,0,16.6,28.4,1,31.6295,-7.9811,Very Hot,None,Normal,0.0,27.666666666666668,71.00000000000001,29.6,Low
Marrakech,2026-09-25,34.5,21.7,0.0,3,17.9,30.6,3,31.6295,-7.9811,Hot,None,Normal,0.8999999999999999,29.83333333333333,45.0,22.81,Low
Sale,2026-09-19,28.6,17.0,0.0,0,11.9,31.0,2,34.05,-6.8167,Normal,None,Normal,0.0,19.833333333333332,0.0,5.95,Low
Sale,2026-09-20,31.1,19.3,0.0,0,11.5,29.9,1,34.05,-6.8167,Hot,None,Normal,0.0,19.166666666666668,11.000000000000014,9.05,Low
Sale,2026-09-21,30.7,20.7,0.0,0,11.4,30.2,1,34.05,-6.8167,Hot,None,Normal,0.0,19.0,6.999999999999992,7.8,Low
Sale,2026-09-22,30.2,20.2,0.0,0,11.3,29.2,0,34.05,-6.8167,Hot,None,Normal,0.0,18.833333333333336,1.9999999999999927,6.25,Low
Sale,2026-09-23,29.3,18.9,0.0,0,11.8,32.0,1,34.05,-6.8167,Normal,None,Normal,0.0,19.666666666666668,0.0,5.9,Low
Sale,2026-09-24,27.4,18.7,0.0,0,10.7,25.6,45,34.05,-6.8167,Normal,None,Normal,0.0,17.833333333333332,0.0,5.35,Low
Sale,2026-09-25,25.7,20.3,0.0,0,11.5,27.7,45,34.05,-6.8167,Normal,None,Normal,0.0,19.166666666666668,0.0,5.75,Low
Meknès,2026-09-19,33.7,18.9,0.0,0,11.3,29.9,2,33.8833,-5.55,Hot,None,Normal,0.0,18.833333333333336,37.00000000000003,16.75,Low
Meknès,2026-09-20,35.2,20.2,0.0,0,12.0,34.2,1,33.8833,-5.55,Very Hot,None,Normal,0.0,20.0,52.00000000000002,21.6,Low
Meknès,2026-09-21,35.0,20.2,0.0,0,13.0,34.6,1,33.8833,-5.55,Hot,None,Normal,0.0,21.666666666666668,50.0,21.5,Low
Meknès,2026-09-22,33.8,19.1,0.0,0,13.9,35.3,0,33.8833,-5.55,Hot,None,Normal,0.0,23.166666666666664,37.99999999999997,18.35,Low
Meknès,2026-09-23,34.2,17.3,0.0,0,12.0,32.4,0,33.8833,-5.55,Hot,None,Normal,0.0,20.0,42.00000000000003,18.6,Low
Meknès,2026-09-24,34.9,18.9,0.0,0,15.1,35.3,2,33.8833,-5.55,Hot,None,Normal,0.0,25.166666666666664,48.999999999999986,22.25,Low
Meknès,2026-09-25,32.1,18.8,0.0,3,17.3,39.2,3,33.8833,-5.55,Hot,None,Normal,0.8999999999999999,28.833333333333332,21.000000000000014,15.31,Low
Rabat,2026-09-19,28.6,17.1,0.0,0,11.9,31.0,2,34.0211,-6.8414,Normal,None,Normal,0.0,19.833333333333332,0.0,5.95,Low
Rabat,2026-09-20,31.2,19.4,0.0,0,11.5,29.9,1,34.0211,-6.8414,Hot,None,Normal,0.0,19.166666666666668,11.999999999999993,9.35,Low
Rabat,2026-09-21,30.7,20.8,0.0,0,11.4,30.2,1,34.0211,-6.8414,Hot,None,Normal,0.0,19.0,6.999999999999992,7.8,Low
Rabat,2026-09-22,30.3,20.2,0.0,0,11.3,29.2,0,34.0211,-6.8414,Hot,None,Normal,0.0,18.833333333333336,3.000000000000007,6.55,Low
Rabat,2026-09-23,29.3,18.9,0.0,0,11.8,32.0,1,34.0211,-6.8414,Normal,None,Normal,0.0,19.666666666666668,0.0,5.9,Low
Rabat,2026-09-24,27.5,18.8,0.0,0,10.7,25.6,45,34.0211,-6.8414,Normal,None,Normal,0.0,17.833333333333332,0.0,5.35,Low
Rabat,2026-09-25,25.7,20.4,0.0,0,11.5,27.7,45,34.0211,-6.8414,Normal,None,Normal,0.0,19.166666666666668,0.0,5.75,Low
Agadir,2026-09-19,26.4,21.2,0.0,0,12.6,38.9,2,30.4214,-9.5831,Normal,None,Normal,0.0,21.0,0.0,6.3,Low
Agadir,2026-09-20,28.2,20.9,0.0,0,11.6,35.3,45,30.4214,-9.5831,Normal,None,Normal,0.0,19.333333333333332,0.0,5.8,Low
Agadir,2026-09-21,34.4,23.0,0.0,0,9.4,27.0,3,30.4214,-9.5831,Hot,None,Normal,0.0,15.666666666666668,43.999999999999986,17.9,Low
Agadir,2026-09-22,34.0,24.7,0.0,0,12.3,38.5,3,30.4214,-9.5831,Hot,None,Normal,0.0,20.5,40.0,18.15,Low
Agadir,2026-09-23,35.1,24.4,0.0,0,10.5,36.7,3,30.4214,-9.5831,Very Hot,None,Normal,0.0,17.5,51.000000000000014,20.55,Low
Agadir,2026-09-24,38.9,22.6,0.0,0,14.2,30.6,3,30.4214,-9.5831,Very Hot,None,Normal,0.0,23.666666666666668,88.99999999999999,33.8,Medium
Agadir,2026-09-25,31.0,20.8,0.0,0,14.0,28.1,45,30.4214,-9.5831,Hot,None,Normal,0.0,23.333333333333332,10.0,10.0,Low
Kenitra,2026-09-19,32.6,17.6,0.0,0,15.0,37.4,1,34.25,-6.5833,Hot,None,Normal,0.0,25.0,26.00000000000001,15.3,Low
Kenitra,2026-09-20,35.8,19.4,0.0,0,13.9,36.4,1,34.25,-6.5833,Very Hot,None,Normal,0.0,23.166666666666664,57.99999999999997,24.35,Low
Kenitra,2026-09-21,34.9,20.2,0.0,0,13.8,34.2,1,34.25,-6.5833,Hot,None,Normal,0.0,23.0,48.999999999999986,21.6,Low
Kenitra,2026-09-22,32.3,19.8,0.0,0,12.2,31.0,0,34.25,-6.5833,Hot,None,Normal,0.0,20.333333333333332,22.99999999999997,13.0,Low
Kenitra,2026-09-23,32.0,18.5,0.0,0,12.1,30.6,45,34.25,-6.5833,Hot,None,Normal,0.0,20.166666666666664,20.0,12.05,Low
Kenitra,2026-09-24,28.1,17.9,0.0,0,10.9,26.3,45,34.25,-6.5833,Normal,None,Normal,0.0,18.166666666666668,0.0,5.45,Low
Kenitra,2026-09-25,25.9,20.1,0.0,0,10.7,26.3,45,34.25,-6.5833,Normal,None,Normal,0.0,17.833333333333332,0.0,5.35,Low
Oujda-Angad,2026-09-19,29.4,19.2,0.6,58,14.6,31.7,80,34.6867,-1.9114,Normal,Light,Normal,18.799999999999997,24.333333333333332,0.0,14.82,Low
Oujda-Angad,2026-09-20,30.5,18.4,0.5,18,16.4,35.3,80,34.6867,-1.9114,Hot,Light,Normal,6.566666666666666,27.333333333333332,5.0,12.33,Low
Oujda-Angad,2026-09-21,27.5,18.1,0.0,3,19.5,41.0,45,34.6867,-1.9114,Normal,None,Normal,0.8999999999999999,32.5,0.0,10.11,Low
Oujda-Angad,2026-09-22,29.3,15.2,0.0,0,14.9,35.6,45,34.6867,-1.9114,Normal,None,Normal,0.0,24.833333333333336,0.0,7.45,Low
Oujda-Angad,2026-09-23,30.2,15.3,0.0,0,18.4,39.2,0,34.6867,-1.9114,Hot,None,Normal,0.0,30.666666666666664,1.9999999999999927,9.8,Low
Oujda-Angad,2026-09-24,34.6,16.6,0.0,0,11.9,34.2,1,34.6867,-1.9114,Hot,None,Normal,0.0,19.833333333333332,46.000000000000014,19.75,Low
Oujda-Angad,2026-09-25,34.3,21.3,0.0,0,22.8,41.0,3,34.6867,-1.9114,Hot,None,Moderate,0.0,38.0,42.99999999999997,24.3,Low
Tétouan,2026-09-19,26.0,22.6,0.0,0,32.2,72.7,2,35.5667,-5.3667,Normal,None,Moderate,0.0,53.66666666666667,0.0,16.1,Low
Tétouan,2026-09-20,26.0,22.9,0.0,0,26.2,63.7,3,35.5667,-5.3667,Normal,None,Moderate,0.0,43.666666666666664,0.0,13.1,Low
Tétouan,2026-09-21,27.0,22.5,0.0,0,26.8,64.1,2,35.5667,-5.3667,Normal,None,Moderate,0.0,44.666666666666664,0.0,13.4,Low
Tétouan,2026-09-22,26.7,21.3,0.0,0,20.3,46.4,2,35.5667,-5.3667,Normal,None,Moderate,0.0,33.83333333333333,0.0,10.15,Low
Tétouan,2026-09-23,26.6,20.0,0.0,0,15.6,38.5,2,35.5667,-5.3667,Normal,None,Normal,0.0,26.0,0.0,7.8,Low
Tétouan,2026-09-24,27.2,20.6,0.0,0,16.5,40.0,45,35.5667,-5.3667,Normal,None,Normal,0.0,27.500000000000004,0.0,8.25,Low
Tétouan,2026-09-25,30.1,19.6,0.0,0,9.8,22.3,45,35.5667,-5.3667,Hot,None,Normal,0.0,16.333333333333336,1.0000000000000142,5.2,Low
Safi,2026-09-19,27.0,19.0,0.0,0,18.9,34.9,2,32.2833,-9.2333,Normal,None,Normal,0.0,31.5,0.0,9.45,Low
Safi,2026-09-20,24.7,20.6,0.0,0,8.9,18.0,3,32.2833,-9.2333,Normal,None,Normal,0.0,14.833333333333334,0.0,4.45,Low
Safi,2026-09-21,27.2,19.3,0.0,0,8.0,16.9,45,32.2833,-9.2333,Normal,None,Normal,0.0,13.333333333333334,0.0,4.0,Low
Safi,2026-09-22,27.1,18.5,0.0,0,12.8,25.9,45,32.2833,-9.2333,Normal,None,Normal,0.0,21.333333333333336,0.0,6.4,Low
Safi,2026-09-23,29.6,19.4,0.0,0,13.6,27.7,3,32.2833,-9.2333,Normal,None,Normal,0.0,22.666666666666664,0.0,6.8,Low
Safi,2026-09-24,26.9,19.0,0.0,0,12.7,25.6,3,32.2833,-9.2333,Normal,None,Normal,0.0,21.166666666666664,0.0,6.35,Low
Safi,2026-09-25,26.7,19.8,0.0,0,14.5,29.9,3,32.2833,-9.2333,Normal,None,Normal,0.0,24.166666666666668,0.0,7.25,Low
Taourirt,2026-09-19,30.5,20.0,0.5,25,29.1,52.2,80,34.41,-2.89,Hot,Light,Moderate,8.666666666666666,48.50000000000001,5.0,19.52,Low
Taourirt,2026-09-20,31.4,21.1,0.0,0,31.0,51.8,45,34.41,-2.89,Hot,None,Moderate,0.0,51.66666666666667,13.999999999999984,19.7,Low
Taourirt,2026-09-21,29.1,19.6,0.0,0,26.7,44.3,3,34.41,-2.89,Normal,None,Moderate,0.0,44.5,0.0,13.35,Low
Taourirt,2026-09-22,30.5,17.9,0.0,0,22.0,43.9,45,34.41,-2.89,Hot,None,Moderate,0.0,36.666666666666664,5.0,12.5,Low
Taourirt,2026-09-23,31.8,17.9,0.0,0,23.2,40.7,0,34.41,-2.89,Hot,None,Moderate,0.0,38.666666666666664,18.000000000000007,17.0,Low
Taourirt,2026-09-24,34.1,18.5,0.0,0,16.3,36.4,0,34.41,-2.89,Hot,None,Normal,0.0,27.166666666666668,41.000000000000014,20.45,Low
Taourirt,2026-09-25,35.2,20.4,0.0,0,16.3,41.0,3,34.41,-2.89,Very Hot,None,Normal,0.0,27.166666666666668,52.00000000000002,23.75,Low
Temara,2026-09-19,28.5,16.7,0.0,0,11.4,31.0,2,33.9234,-6.9076,Normal,None,Normal,0.0,19.0,0.0,5.7,Low
Temara,2026-09-20,31.6,19.0,0.0,0,10.4,29.2,1,33.9234,-6.9076,Hot,None,Normal,0.0,17.333333333333336,16.000000000000014,10.0,Low
Temara,2026-09-21,30.8,19.9,0.0,0,10.8,30.2,1,33.9234,-6.9076,Hot,None,Normal,0.0,18.000000000000004,8.000000000000007,7.8,Low
Temara,2026-09-22,30.3,20.2,0.0,0,11.0,30.2,0,33.9234,-6.9076,Hot,None,Normal,0.0,18.333333333333332,3.000000000000007,6.4,Low
Temara,2026-09-23,29.8,18.7,0.0,0,11.0,30.6,0,33.9234,-6.9076,Normal,None,Normal,0.0,18.333333333333332,0.0,5.5,Low
Temara,2026-09-24,25.1,18.4,0.0,0,10.7,22.7,45,33.9234,-6.9076,Normal,None,Normal,0.0,17.833333333333332,0.0,5.35,Low
Temara,2026-09-25,24.1,19.9,0.0,0,12.0,25.6,45,33.9234,-6.9076,Normal,None,Normal,0.0,20.0,0.0,6.0,Low
Laâyoune,2026-09-19,28.7,18.5,0.0,0,22.4,45.7,2,27.15,-13.2,Normal,None,Moderate,0.0,37.33333333333333,0.0,11.2,Low
Laâyoune,2026-09-20,33.3,18.7,0.0,0,21.9,43.2,3,27.15,-13.2,Hot,None,Moderate,0.0,36.5,32.99999999999997,20.85,Low
Laâyoune,2026-09-21,35.8,20.8,0.0,1,23.0,45.0,0,27.15,-13.2,Very Hot,None,Moderate,0.3,38.333333333333336,57.99999999999997,29.02,Low
Laâyoune,2026-09-22,36.5,20.9,0.0,2,25.1,48.6,2,27.15,-13.2,Very Hot,None,Moderate,0.6,41.833333333333336,65.0,32.29,Medium
Laâyoune,2026-09-23,41.9,21.0,0.0,0,25.9,48.6,2,27.15,-13.2,Very Hot,None,Moderate,0.0,43.166666666666664,100.0,42.95,Medium
Laâyoune,2026-09-24,43.1,26.1,0.0,0,30.4,61.2,3,27.15,-13.2,Very Hot,None,Moderate,0.0,50.66666666666666,100.0,45.2,Medium
Laâyoune,2026-09-25,37.9,23.1,0.0,0,26.1,49.3,3,27.15,-13.2,Very Hot,None,Moderate,0.0,43.5,78.99999999999999,36.75,Medium
El Jadid,2026-09-19,25.6,20.0,0.0,0,15.6,28.8,2,33.2566,-8.5025,Normal,None,Normal,0.0,26.0,0.0,7.8,Low
El Jadid,2026-09-20,27.6,20.3,0.0,0,11.6,21.6,45,33.2566,-8.5025,Normal,None,Normal,0.0,19.333333333333332,0.0,5.8,Low
El Jadid,2026-09-21,27.1,20.6,0.0,0,12.8,24.1,45,33.2566,-8.5025,Normal,None,Normal,0.0,21.333333333333336,0.0,6.4,Low
El Jadid,2026-09-22,26.0,20.1,0.0,0,12.1,22.7,45,33.2566,-8.5025,Normal,None,Normal,0.0,20.166666666666664,0.0,6.05,Low
El Jadid,2026-09-23,26.0,19.5,0.0,0,13.1,24.8,45,33.2566,-8.5025,Normal,None,Normal,0.0,21.833333333333332,0.0,6.55,Low
El Jadid,2026-09-24,27.1,19.6,0.0,0,12.4,25.2,3,33.2566,-8.5025,Normal,None,Normal,0.0,20.666666666666668,0.0,6.2,Low
El Jadid,2026-09-25,25.3,20.1,0.0,0,11.5,24.8,3,33.2566,-8.5025,Normal,None,Normal,0.0,19.166666666666668,0.0,5.75,Low
Ait Melloul,2026-09-19,25.6,20.0,0.0,0,20.5,40.3,2,30.3342,-9.4972,Normal,None,Moderate,0.0,34.166666666666664,0.0,10.25,Low
Ait Melloul,2026-09-20,27.0,20.0,0.0,0,18.0,36.7,45,30.3342,-9.4972,Normal,None,Normal,0.0,30.0,0.0,9.0,Low
Ait Melloul,2026-09-21,34.9,21.1,0.0,0,14.2,29.5,3,30.3342,-9.4972,Hot,None,Normal,0.0,23.666666666666668,48.999999999999986,21.8,Low
Ait Melloul,2026-09-22,35.9,21.9,0.0,0,18.7,36.4,3,30.3342,-9.4972,Very Hot,None,Normal,0.0,31.166666666666664,58.999999999999986,27.05,Low
Ait Melloul,2026-09-23,34.8,22.8,0.0,0,17.2,35.6,3,30.3342,-9.4972,Hot,None,Normal,0.0,28.666666666666668,47.99999999999997,23.0,Low
Ait Melloul,2026-09-24,39.1,22.8,0.0,0,14.2,30.6,3,30.3342,-9.4972,Very Hot,None,Normal,0.0,23.666666666666668,91.00000000000001,34.4,Medium
Ait Melloul,2026-09-25,31.2,21.1,0.0,0,14.0,28.1,45,30.3342,-9.4972,Hot,None,Normal,0.0,23.333333333333332,11.999999999999993,10.6,Low
Béni Mellal,2026-09-19,34.6,22.9,0.0,5,18.3,36.7,2,32.3394,-6.3608,Hot,None,Normal,1.5,30.5,46.000000000000014,23.55,Low
Béni Mellal,2026-09-20,35.7,24.1,0.0,8,19.8,47.5,3,32.3394,-6.3608,Very Hot,None,Normal,2.4,33.0,57.00000000000003,27.96,Low
Béni Mellal,2026-09-21,35.2,23.9,0.0,0,18.1,37.8,2,32.3394,-6.3608,Very Hot,None,Normal,0.0,30.166666666666668,52.00000000000002,24.65,Low
Béni Mellal,2026-09-22,34.7,23.6,0.0,0,15.8,33.1,1,32.3394,-6.3608,Hot,None,Normal,0.0,26.333333333333336,47.00000000000003,22.0,Low
Béni Mellal,2026-09-23,34.9,22.3,0.0,0,16.1,34.6,0,32.3394,-6.3608,Hot,None,Normal,0.0,26.833333333333336,48.999999999999986,22.75,Low
Béni Mellal,2026-09-24,36.0,24.2,0.0,3,17.4,32.8,1,32.3394,-6.3608,Very Hot,None,Normal,0.8999999999999999,28.999999999999996,60.0,27.06,Low
Béni Mellal,2026-09-25,33.7,24.1,0.0,8,10.8,25.2,3,32.3394,-6.3608,Hot,None,Normal,2.4,18.000000000000004,37.00000000000003,17.46,Low
Bouskoura,2026-09-19,29.6,18.2,0.0,0,14.0,35.3,45,33.4489,-7.6486,Normal,None,Normal,0.0,23.333333333333332,0.0,7.0,Low
Bouskoura,2026-09-20,34.1,19.7,0.0,0,13.7,35.6,1,33.4489,-7.6486,Hot,None,Normal,0.0,22.833333333333332,41.000000000000014,19.15,Low
Bouskoura,2026-09-21,34.6,20.0,0.0,0,14.1,35.6,2,33.4489,-7.6486,Hot,None,Normal,0.0,23.5,46.000000000000014,20.85,Low
Bouskoura,2026-09-22,33.7,19.4,0.0,0,13.9,34.2,0,33.4489,-7.6486,Hot,None,Normal,0.0,23.166666666666664,37.00000000000003,18.05,Low
Bouskoura,2026-09-23,33.6,17.6,0.0,0,12.7,32.4,45,33.4489,-7.6486,Hot,None,Normal,0.0,21.166666666666664,36.000000000000014,17.15,Low
Bouskoura,2026-09-24,28.6,17.4,0.0,0,11.3,30.2,45,33.4489,-7.6486,Normal,None,Normal,0.0,18.833333333333336,0.0,5.65,Low
Bouskoura,2026-09-25,25.7,19.2,0.0,0,12.0,33.1,45,33.4489,-7.6486,Normal,None,Normal,0.0,20.0,0.0,6.0,Low
Tiznit,2026-09-19,27.2,19.1,0.0,0,14.6,27.0,2,29.7,-9.7269,Normal,None,Normal,0.0,24.333333333333332,0.0,7.3,Low
Tiznit,2026-09-20,29.8,19.4,0.0,0,11.5,20.2,45,29.7,-9.7269,Normal,None,Normal,0.0,19.166666666666668,0.0,5.75,Low
Tiznit,2026-09-21,36.3,22.5,0.0,0,15.6,26.6,3,29.7,-9.7269,Very Hot,None,Normal,0.0,26.0,62.999999999999964,26.7,Low
Tiznit,2026-09-22,35.6,25.0,0.0,0,18.4,30.6,3,29.7,-9.7269,Very Hot,None,Normal,0.0,30.666666666666664,56.000000000000014,26.0,Low
Tiznit,2026-09-23,33.3,25.0,0.0,0,17.9,31.3,3,29.7,-9.7269,Hot,None,Normal,0.0,29.83333333333333,32.99999999999997,18.85,Low
Tiznit,2026-09-24,32.7,21.3,0.0,0,15.8,26.3,3,29.7,-9.7269,Hot,None,Normal,0.0,26.333333333333336,27.00000000000003,16.0,Low
Tiznit,2026-09-25,25.1,19.5,0.0,0,15.2,25.2,3,29.7,-9.7269,Normal,None,Normal,0.0,25.33333333333333,0.0,7.6,Low
Mohammedia,2026-09-19,25.9,17.2,0.0,0,12.4,31.0,3,33.6833,-7.3833,Normal,None,Normal,0.0,20.666666666666668,0.0,6.2,Low
Mohammedia,2026-09-20,28.5,18.8,0.0,0,11.0,27.7,1,33.6833,-7.3833,Normal,None,Normal,0.0,18.333333333333332,0.0,5.5,Low
Mohammedia,2026-09-21,29.1,19.6,0.0,0,12.5,31.0,2,33.6833,-7.3833,Normal,None,Normal,0.0,20.833333333333336,0.0,6.25,Low
Mohammedia,2026-09-22,28.3,19.2,0.0,0,11.9,28.8,45,33.6833,-7.3833,Normal,None,Normal,0.0,19.833333333333332,0.0,5.95,Low
Mohammedia,2026-09-23,27.0,19.0,0.0,0,11.2,28.1,45,33.6833,-7.3833,Normal,None,Normal,0.0,18.666666666666664,0.0,5.6,Low
Mohammedia,2026-09-24,31.3,17.3,0.0,0,14.7,28.1,45,33.6833,-7.3833,Hot,None,Normal,0.0,24.5,13.000000000000005,11.25,Low
Mohammedia,2026-09-25,27.6,19.8,0.0,0,15.6,30.6,45,33.6833,-7.3833,Normal,None,Normal,0.0,26.0,0.0,7.8,Low
Kouribga,2026-09-19,33.5,18.7,0.0,0,18.9,40.0,2,32.88,-6.9,Hot,None,Normal,0.0,31.5,35.0,19.95,Low
Kouribga,2026-09-20,34.1,20.7,0.2,8,23.0,43.2,3,32.88,-6.9,Hot,Light,Moderate,2.8666666666666667,38.333333333333336,41.000000000000014,24.95,Low
Kouribga,2026-09-21,34.5,21.4,0.0,0,21.3,47.2,2,32.88,-6.9,Hot,None,Moderate,0.0,35.50000000000001,45.0,24.15,Low
Kouribga,2026-09-22,33.9,21.3,0.0,0,17.7,33.5,2,32.88,-6.9,Hot,None,Normal,0.0,29.5,38.999999999999986,20.55,Low
Kouribga,2026-09-23,34.1,19.1,0.0,0,14.6,28.4,0,32.88,-6.9,Hot,None,Normal,0.0,24.333333333333332,41.000000000000014,19.6,Low
Kouribga,2026-09-24,33.6,18.5,0.0,3,17.3,33.8,3,32.88,-6.9,Hot,None,Normal,0.8999999999999999,28.833333333333332,36.000000000000014,19.81,Low
Kouribga,2026-09-25,30.9,17.6,0.0,3,16.2,33.8,3,32.88,-6.9,Hot,None,Normal,0.8999999999999999,26.999999999999996,8.999999999999986,11.16,Low
Settat,2026-09-19,33.7,17.2,0.0,0,16.2,35.3,2,33.0023,-7.6198,Hot,None,Normal,0.0,26.999999999999996,37.00000000000003,19.2,Low
Settat,2026-09-20,36.2,20.4,0.0,0,17.9,38.2,2,33.0023,-7.6198,Very Hot,None,Normal,0.0,29.83333333333333,62.000000000000036,27.55,Low
Settat,2026-09-21,37.3,21.7,0.0,0,20.9,43.9,2,33.0023,-7.6198,Very Hot,None,Moderate,0.0,34.833333333333336,72.99999999999997,32.35,Medium
Settat,2026-09-22,36.8,19.8,0.0,0,15.0,35.3,0,33.0023,-7.6198,Very Hot,None,Normal,0.0,25.0,67.99999999999997,27.9,Low
Settat,2026-09-23,37.0,17.4,0.0,0,14.0,34.6,0,33.0023,-7.6198,Very Hot,None,Normal,0.0,23.333333333333332,70.0,28.0,Low
Settat,2026-09-24,36.4,18.1,0.0,0,14.8,34.6,3,33.0023,-7.6198,Very Hot,None,Normal,0.0,24.666666666666668,63.99999999999999,26.6,Low
Settat,2026-09-25,29.8,17.3,0.0,3,15.5,30.6,3,33.0023,-7.6198,Normal,None,Normal,0.8999999999999999,25.833333333333336,0.0,8.11,Low
Barrechid,2026-09-19,33.0,16.7,0.0,0,16.3,30.2,2,33.27,-7.5872,Hot,None,Normal,0.0,27.166666666666668,30.0,17.15,Low
Barrechid,2026-09-20,36.3,18.1,0.0,0,20.0,36.0,2,33.27,-7.5872,Very Hot,None,Normal,0.0,33.33333333333333,62.999999999999964,28.9,Low
Barrechid,2026-09-21,37.5,19.5,0.0,0,20.1,36.7,2,33.27,-7.5872,Very Hot,None,Moderate,0.0,33.5,75.0,32.55,Medium
Barrechid,2026-09-22,36.3,18.5,0.0,0,17.1,32.8,0,33.27,-7.5872,Very Hot,None,Normal,0.0,28.500000000000004,62.999999999999964,27.45,Low
Barrechid,2026-09-23,36.2,16.2,0.0,0,16.3,30.6,1,33.27,-7.5872,Very Hot,None,Normal,0.0,27.166666666666668,62.000000000000036,26.75,Low
Barrechid,2026-09-24,34.3,16.4,0.0,0,19.1,34.9,45,33.27,-7.5872,Hot,None,Normal,0.0,31.833333333333336,42.99999999999997,22.45,Low
Barrechid,2026-09-25,29.0,19.2,0.0,3,16.1,31.3,45,33.27,-7.5872,Normal,None,Normal,0.8999999999999999,26.833333333333336,0.0,8.41,Low
Ad Dakhla,2026-09-19,21.5,20.2,0.0,0,29.9,37.1,0,23.7167,-15.95,Normal,None,Moderate,0.0,49.83333333333333,0.0,14.95,Low
Ad Dakhla,2026-09-20,21.7,19.5,0.0,0,28.3,34.9,0,23.7167,-15.95,Normal,None,Moderate,0.0,47.16666666666667,0.0,14.15,Low
Ad Dakhla,2026-09-21,21.7,20.3,0.0,8,32.1,40.0,0,23.7167,-15.95,Normal,None,Moderate,2.4,53.5,0.0,17.01,Low
Ad Dakhla,2026-09-22,22.0,20.6,0.0,6,32.8,40.7,0,23.7167,-15.95,Normal,None,Moderate,1.7999999999999998,54.666666666666664,0.0,17.12,Low
Ad Dakhla,2026-09-23,24.1,20.9,0.2,4,35.7,41.4,51,23.7167,-15.95,Normal,Light,Moderate,1.6666666666666665,59.50000000000001,0.0,18.52,Low
Ad Dakhla,2026-09-24,23.0,21.4,0.1,4,26.1,32.0,51,23.7167,-15.95,Normal,Light,Moderate,1.4333333333333333,43.5,0.0,13.62,Low
Ad Dakhla,2026-09-25,24.4,22.3,0.0,4,27.8,41.8,3,23.7167,-15.95,Normal,None,Moderate,1.2,46.33333333333333,0.0,14.38,Low
Nador,2026-09-19,25.7,22.7,4.1,5,23.3,50.0,80,35.1667,-2.9333,Normal,Moderate,Moderate,11.066666666666666,38.833333333333336,0.0,16.08,Low
Nador,2026-09-20,26.0,23.2,4.4,15,21.2,45.0,80,35.1667,-2.9333,Normal,Moderate,Moderate,14.766666666666667,35.333333333333336,0.0,16.51,Low
Nador,2026-09-21,26.2,23.2,0.0,0,17.4,37.1,3,35.1667,-2.9333,Normal,None,Normal,0.0,28.999999999999996,0.0,8.7,Low
Nador,2026-09-22,26.2,20.8,0.0,0,12.5,30.6,2,35.1667,-2.9333,Normal,None,Normal,0.0,20.833333333333336,0.0,6.25,Low
Nador,2026-09-23,26.1,20.5,0.0,0,12.1,28.4,2,35.1667,-2.9333,Normal,None,Normal,0.0,20.166666666666664,0.0,6.05,Low
Nador,2026-09-24,28.1,19.2,0.0,0,17.8,32.0,45,35.1667,-2.9333,Normal,None,Normal,0.0,29.666666666666668,0.0,8.9,Low
Nador,2026-09-25,28.7,18.5,0.0,0,14.8,27.7,3,35.1667,-2.9333,Normal,None,Normal,0.0,24.666666666666668,0.0,7.4,Low
Taza,2026-09-19,29.3,19.3,0.0,0,24.3,50.0,3,34.2144,-4.0088,Normal,None,Moderate,0.0,40.5,0.0,12.15,Low
Taza,2026-09-20,30.1,20.3,0.0,0,20.5,41.0,3,34.2144,-4.0088,Hot,None,Moderate,0.0,34.166666666666664,1.0000000000000142,10.55,Low
Taza,2026-09-21,28.8,20.3,0.0,0,21.3,43.2,3,34.2144,-4.0088,Normal,None,Moderate,0.0,35.50000000000001,0.0,10.65,Low
Taza,2026-09-22,29.2,17.1,0.0,0,17.3,36.0,2,34.2144,-4.0088,Normal,None,Normal,0.0,28.833333333333332,0.0,8.65,Low
Taza,2026-09-23,31.8,17.2,0.0,0,11.4,27.0,0,34.2144,-4.0088,Hot,None,Normal,0.0,19.0,18.000000000000007,11.1,Low
Taza,2026-09-24,33.9,17.8,0.0,0,9.5,18.7,0,34.2144,-4.0088,Hot,None,Normal,0.0,15.833333333333332,38.999999999999986,16.45,Low
Taza,2026-09-25,33.6,19.2,0.0,0,21.7,40.0,3,34.2144,-4.0088,Hot,None,Moderate,0.0,36.166666666666664,36.000000000000014,21.65,Low
Inezgane,2026-09-19,24.5,19.9,0.0,0,14.8,42.5,45,30.3658,-9.5381,Normal,None,Normal,0.0,24.666666666666668,0.0,7.4,Low
Inezgane,2026-09-20,26.0,19.6,0.0,0,13.4,36.4,45,30.3658,-9.5381,Normal,None,Normal,0.0,22.333333333333332,0.0,6.7,Low
Inezgane,2026-09-21,31.1,21.3,0.0,0,10.0,27.0,3,30.3658,-9.5381,Hot,None,Normal,0.0,16.666666666666664,11.000000000000014,8.3,Low
Inezgane,2026-09-22,32.3,22.0,0.0,0,13.3,39.6,3,30.3658,-9.5381,Hot,None,Normal,0.0,22.166666666666668,22.99999999999997,13.55,Low
Inezgane,2026-09-23,32.1,22.0,0.0,0,12.8,34.6,3,30.3658,-9.5381,Hot,None,Normal,0.0,21.333333333333336,21.000000000000014,12.7,Low
Inezgane,2026-09-24,39.2,22.6,0.0,0,14.2,30.6,3,30.3658,-9.5381,Very Hot,None,Normal,0.0,23.666666666666668,92.00000000000003,34.7,Medium
Inezgane,2026-09-25,31.3,21.1,0.0,0,14.0,28.1,45,30.3658,-9.5381,Hot,None,Normal,0.0,23.333333333333332,13.000000000000005,10.9,Low
Larache,2026-09-19,34.3,18.2,0.0,0,19.6,35.3,1,35.1833,-6.15,Hot,None,Normal,0.0,32.66666666666667,42.99999999999997,22.7,Low
Larache,2026-09-20,34.2,24.5,0.0,0,15.6,28.4,1,35.1833,-6.15,Hot,None,Normal,0.0,26.0,42.00000000000003,20.4,Low
Larache,2026-09-21,32.9,22.4,0.0,0,15.9,29.2,1,35.1833,-6.15,Hot,None,Normal,0.0,26.5,28.999999999999986,16.65,Low
Larache,2026-09-22,31.8,19.2,0.0,0,15.5,28.8,2,35.1833,-6.15,Hot,None,Normal,0.0,25.833333333333336,18.000000000000007,13.15,Low
Larache,2026-09-23,31.1,19.0,0.0,0,14.6,29.2,0,35.1833,-6.15,Hot,None,Normal,0.0,24.333333333333332,11.000000000000014,10.6,Low
Larache,2026-09-24,30.1,18.4,0.0,0,12.3,23.0,45,35.1833,-6.15,Hot,None,Normal,0.0,20.5,1.0000000000000142,6.45,Low
Larache,2026-09-25,26.6,18.3,0.0,0,12.6,23.4,45,35.1833,-6.15,Normal,None,Normal,0.0,21.0,0.0,6.3,Low
Al Khmissat,2026-09-19,34.3,18.2,0.0,0,12.1,25.9,2,33.81,-6.06,Hot,None,Normal,0.0,20.166666666666664,42.99999999999997,18.95,Low
Al Khmissat,2026-09-20,36.4,20.3,0.0,0,13.6,27.4,1,33.81,-6.06,Very Hot,None,Normal,0.0,22.666666666666664,63.99999999999999,26.0,Low
Al Khmissat,2026-09-21,35.8,20.7,0.0,0,13.8,31.3,2,33.81,-6.06,Very Hot,None,Normal,0.0,23.0,57.99999999999997,24.3,Low
Al Khmissat,2026-09-22,34.8,19.2,0.0,0,15.5,33.1,0,33.81,-6.06,Hot,None,Normal,0.0,25.833333333333336,47.99999999999997,22.15,Low
Al Khmissat,2026-09-23,35.0,19.0,0.0,0,11.2,24.8,0,33.81,-6.06,Hot,None,Normal,0.0,18.666666666666664,50.0,20.6,Low
Al Khmissat,2026-09-24,35.1,16.9,0.0,0,17.0,32.4,1,33.81,-6.06,Very Hot,None,Normal,0.0,28.333333333333332,51.000000000000014,23.8,Low
Al Khmissat,2026-09-25,30.2,17.8,0.0,3,17.4,33.5,3,33.81,-6.06,Hot,None,Normal,0.8999999999999999,28.999999999999996,1.9999999999999927,9.66,Low
Guelmim,2026-09-19,30.3,18.5,0.0,0,20.3,36.0,3,28.9833,-10.0667,Hot,None,Moderate,0.0,33.83333333333333,3.000000000000007,11.05,Low
Guelmim,2026-09-20,37.6,18.3,0.0,0,21.7,38.2,0,28.9833,-10.0667,Very Hot,None,Moderate,0.0,36.166666666666664,76.00000000000001,33.65,Medium
Guelmim,2026-09-21,39.9,23.1,0.0,0,22.2,38.2,1,28.9833,-10.0667,Very Hot,None,Moderate,0.0,37.0,98.99999999999999,40.8,Medium
Guelmim,2026-09-22,38.6,24.2,0.0,0,23.4,40.7,3,28.9833,-10.0667,Very Hot,None,Moderate,0.0,38.99999999999999,86.00000000000001,37.5,Medium
Guelmim,2026-09-23,40.1,23.3,0.0,2,23.2,40.7,2,28.9833,-10.0667,Very Hot,None,Moderate,0.6,38.666666666666664,100.0,41.84,Medium
Guelmim,2026-09-24,39.0,24.0,0.0,2,19.8,40.3,0,28.9833,-10.0667,Very Hot,None,Normal,0.6,33.0,90.0,37.14,Medium
Guelmim,2026-09-25,34.3,16.9,0.0,4,15.6,33.8,3,28.9833,-10.0667,Hot,None,Normal,1.2,26.0,42.99999999999997,21.18,Low
Ksar El Kebir,2026-09-19,35.5,18.8,0.0,0,10.9,22.3,1,35.0,-5.9,Very Hot,None,Normal,0.0,18.166666666666668,55.00000000000001,21.95,Low
Ksar El Kebir,2026-09-20,36.6,22.4,0.0,0,16.3,30.2,0,35.0,-5.9,Very Hot,None,Normal,0.0,27.166666666666668,66.00000000000001,27.95,Low
Ksar El Kebir,2026-09-21,36.3,22.4,0.0,0,16.0,29.9,0,35.0,-5.9,Very Hot,None,Normal,0.0,26.666666666666668,62.999999999999964,26.9,Low
Ksar El Kebir,2026-09-22,35.4,20.4,0.0,0,13.3,27.4,2,35.0,-5.9,Very Hot,None,Normal,0.0,22.166666666666668,53.99999999999998,22.85,Low
Ksar El Kebir,2026-09-23,35.5,19.2,0.0,0,14.8,29.9,0,35.0,-5.9,Very Hot,None,Normal,0.0,24.666666666666668,55.00000000000001,23.9,Low
Ksar El Kebir,2026-09-24,34.4,19.3,0.0,0,16.2,31.3,1,35.0,-5.9,Hot,None,Normal,0.0,26.999999999999996,43.999999999999986,21.3,Low
Ksar El Kebir,2026-09-25,29.7,19.6,0.0,0,14.4,27.7,45,35.0,-5.9,Normal,None,Normal,0.0,24.000000000000004,0.0,7.2,Low
Khénifra,2026-09-19,33.3,19.9,0.0,5,15.3,31.7,3,32.93,-5.66,Hot,None,Normal,1.5,25.5,32.99999999999997,18.15,Low
Khénifra,2026-09-20,34.6,18.8,0.0,5,18.7,40.7,3,32.93,-5.66,Hot,None,Normal,1.5,31.166666666666664,46.000000000000014,23.75,Low
Khénifra,2026-09-21,34.6,18.9,0.0,0,20.2,38.2,2,32.93,-5.66,Hot,None,Moderate,0.0,33.666666666666664,46.000000000000014,23.9,Low
Khénifra,2026-09-22,33.2,17.9,0.0,0,15.6,30.2,2,32.93,-5.66,Hot,None,Normal,0.0,26.0,32.00000000000003,17.4,Low
Khénifra,2026-09-23,33.3,16.7,0.0,0,11.8,22.7,0,32.93,-5.66,Hot,None,Normal,0.0,19.666666666666668,32.99999999999997,15.8,Low
Khénifra,2026-09-24,33.7,17.5,0.0,0,16.0,30.2,0,32.93,-5.66,Hot,None,Normal,0.0,26.666666666666668,37.00000000000003,19.1,Low
Khénifra,2026-09-25,32.9,18.7,0.0,8,17.3,32.8,3,32.93,-5.66,Hot,None,Normal,2.4,28.833333333333332,28.999999999999986,18.31,Low
Skhirate,2026-09-19,26.4,16.8,0.0,0,12.2,27.4,2,33.85,-7.03,Normal,None,Normal,0.0,20.333333333333332,0.0,6.1,Low
Skhirate,2026-09-20,28.2,18.8,0.0,0,11.1,26.3,1,33.85,-7.03,Normal,None,Normal,0.0,18.5,0.0,5.55,Low
Skhirate,2026-09-21,28.3,19.7,0.0,0,12.2,28.1,1,33.85,-7.03,Normal,None,Normal,0.0,20.333333333333332,0.0,6.1,Low
Skhirate,2026-09-22,27.9,19.7,0.0,0,12.1,27.7,1,33.85,-7.03,Normal,None,Normal,0.0,20.166666666666664,0.0,6.05,Low
Skhirate,2026-09-23,26.7,18.9,0.0,0,12.1,28.8,1,33.85,-7.03,Normal,None,Normal,0.0,20.166666666666664,0.0,6.05,Low
Skhirate,2026-09-24,25.2,18.5,0.0,0,10.7,22.7,45,33.85,-7.03,Normal,None,Normal,0.0,17.833333333333332,0.0,5.35,Low
Skhirate,2026-09-25,24.2,20.0,0.0,0,12.0,25.6,45,33.85,-7.03,Normal,None,Normal,0.0,20.0,0.0,6.0,Low
Beni Yakhlef,2026-09-19,28.5,15.9,0.0,0,16.7,31.3,2,33.6555,-7.3221,Normal,None,Normal,0.0,27.833333333333332,0.0,8.35,Low
Beni Yakhlef,2026-09-20,32.3,18.1,0.0,0,15.5,29.2,2,33.6555,-7.3221,Hot,None,Normal,0.0,25.833333333333336,22.99999999999997,14.65,Low
Beni Yakhlef,2026-09-21,33.0,19.2,0.0,0,17.3,32.4,2,33.6555,-7.3221,Hot,None,Normal,0.0,28.833333333333332,30.0,17.65,Low
Beni Yakhlef,2026-09-22,32.3,18.5,0.0,0,16.4,30.6,45,33.6555,-7.3221,Hot,None,Normal,0.0,27.333333333333332,22.99999999999997,15.1,Low
Beni Yakhlef,2026-09-23,31.7,17.0,0.0,0,15.2,28.8,45,33.6555,-7.3221,Hot,None,Normal,0.0,25.33333333333333,16.999999999999993,12.7,Low
Beni Yakhlef,2026-09-24,30.7,16.7,0.0,0,14.7,28.1,45,33.6555,-7.3221,Hot,None,Normal,0.0,24.5,6.999999999999992,9.45,Low
Beni Yakhlef,2026-09-25,27.0,19.3,0.0,0,15.6,30.6,45,33.6555,-7.3221,Normal,None,Normal,0.0,26.0,0.0,7.8,Low
Sidi Yahya Zaer,2026-09-19,30.9,16.9,0.0,0,14.8,29.9,2,33.7105,-6.8831,Hot,None,Normal,0.0,24.666666666666668,8.999999999999986,10.1,Low
Sidi Yahya Zaer,2026-09-20,35.5,19.7,0.0,0,17.6,35.6,2,33.7105,-6.8831,Very Hot,None,Normal,0.0,29.333333333333332,55.00000000000001,25.3,Low
Sidi Yahya Zaer,2026-09-21,34.9,20.5,0.0,0,17.5,35.6,1,33.7105,-6.8831,Hot,None,Normal,0.0,29.166666666666668,48.999999999999986,23.45,Low
Sidi Yahya Zaer,2026-09-22,34.3,19.9,0.0,0,17.2,34.6,0,33.7105,-6.8831,Hot,None,Normal,0.0,28.666666666666668,42.99999999999997,21.5,Low
Sidi Yahya Zaer,2026-09-23,34.2,18.1,0.0,0,15.6,33.1,0,33.7105,-6.8831,Hot,None,Normal,0.0,26.0,42.00000000000003,20.4,Low
Sidi Yahya Zaer,2026-09-24,31.6,17.0,0.0,0,15.1,30.6,3,33.7105,-6.8831,Hot,None,Normal,0.0,25.166666666666664,16.000000000000014,12.35,Low
Sidi Yahya Zaer,2026-09-25,27.2,15.6,0.0,0,16.3,32.0,45,33.7105,-6.8831,Normal,None,Normal,0.0,27.166666666666668,0.0,8.15,Low
Ben Guerir,2026-09-19,34.4,19.7,0.0,0,16.3,32.8,2,32.23,-7.95,Hot,None,Normal,0.0,27.166666666666668,43.999999999999986,21.35,Low
Ben Guerir,2026-09-20,36.3,23.8,0.0,8,18.5,38.5,2,32.23,-7.95,Very Hot,None,Normal,2.4,30.833333333333336,62.999999999999964,29.11,Low
Ben Guerir,2026-09-21,37.0,23.7,0.0,0,18.4,36.7,3,32.23,-7.95,Very Hot,None,Normal,0.0,30.666666666666664,70.0,30.2,Medium
Ben Guerir,2026-09-22,36.9,22.1,0.0,0,18.1,36.0,0,32.23,-7.95,Very Hot,None,Normal,0.0,30.166666666666668,68.99999999999999,29.75,Low
Ben Guerir,2026-09-23,36.8,21.3,0.0,0,13.9,27.4,3,32.23,-7.95,Very Hot,None,Normal,0.0,23.166666666666664,67.99999999999997,27.35,Low
Ben Guerir,2026-09-24,36.5,21.6,0.0,0,20.1,35.6,3,32.23,-7.95,Very Hot,None,Moderate,0.0,33.5,65.0,29.55,Low
Ben Guerir,2026-09-25,32.2,20.1,0.0,0,19.3,34.9,3,32.23,-7.95,Hot,None,Normal,0.0,32.166666666666664,22.00000000000003,16.25,Low
Ait Ali,2026-09-19,26.1,19.7,0.0,0,20.5,33.8,2,30.1739,-9.4881,Normal,None,Moderate,0.0,34.166666666666664,0.0,10.25,Low
Ait Ali,2026-09-20,27.6,19.8,0.0,0,19.0,31.3,2,30.1739,-9.4881,Normal,None,Normal,0.0,31.666666666666664,0.0,9.5,Low
Ait Ali,2026-09-21,37.5,22.0,0.0,0,18.6,31.0,3,30.1739,-9.4881,Very Hot,None,Normal,0.0,31.0,75.0,31.8,Medium
Ait Ali,2026-09-22,36.3,22.7,0.0,0,21.3,38.5,3,30.1739,-9.4881,Very Hot,None,Moderate,0.0,35.50000000000001,62.999999999999964,29.55,Low
Ait Ali,2026-09-23,35.0,23.6,0.0,0,20.9,38.9,3,30.1739,-9.4881,Hot,None,Moderate,0.0,34.833333333333336,50.0,25.45,Low
Ait Ali,2026-09-24,36.6,23.5,0.0,0,20.0,35.6,3,30.1739,-9.4881,Very Hot,None,Normal,0.0,33.33333333333333,66.00000000000001,29.8,Low
Ait Ali,2026-09-25,26.8,20.8,0.0,0,18.2,31.7,3,30.1739,-9.4881,Normal,None,Normal,0.0,30.333333333333336,0.0,9.1,Low
My Drarga,2026-09-19,25.9,20.1,0.0,0,17.4,37.8,45,30.3805,-9.4763,Normal,None,Normal,0.0,28.999999999999996,0.0,8.7,Low
My Drarga,2026-09-20,27.5,19.8,0.0,0,14.8,32.4,45,30.3805,-9.4763,Normal,None,Normal,0.0,24.666666666666668,0.0,7.4,Low
My Drarga,2026-09-21,34.3,21.9,0.0,0,11.4,24.8,3,30.3805,-9.4763,Hot,None,Normal,0.0,19.0,42.99999999999997,18.6,Low
My Drarga,2026-09-22,35.5,22.8,0.0,0,17.7,41.0,3,30.3805,-9.4763,Very Hot,None,Normal,0.0,29.5,55.00000000000001,25.35,Low
My Drarga,2026-09-23,35.3,23.5,0.0,0,15.9,34.6,3,30.3805,-9.4763,Very Hot,None,Normal,0.0,26.5,52.99999999999997,23.85,Low
My Drarga,2026-09-24,39.0,22.7,0.0,0,14.2,30.6,3,30.3805,-9.4763,Very Hot,None,Normal,0.0,23.666666666666668,90.0,34.1,Medium
My Drarga,2026-09-25,31.1,21.0,0.0,0,14.0,28.1,45,30.3805,-9.4763,Hot,None,Normal,0.0,23.333333333333332,11.000000000000014,10.3,Low
Lqoliaa,2026-09-19,26.4,19.6,0.0,0,21.4,46.1,45,30.2942,-9.4544,Normal,None,Moderate,0.0,35.666666666666664,0.0,10.7,Low
Lqoliaa,2026-09-20,28.0,19.5,0.0,0,20.2,42.5,45,30.2942,-9.4544,Normal,None,Moderate,0.0,33.666666666666664,0.0,10.1,Low
Lqoliaa,2026-09-21,38.0,20.9,0.0,0,14.8,32.8,3,30.2942,-9.4544,Very Hot,None,Normal,0.0,24.666666666666668,80.0,31.4,Medium
Lqoliaa,2026-09-22,37.9,21.7,0.0,0,19.6,43.6,3,30.2942,-9.4544,Very Hot,None,Normal,0.0,32.66666666666667,78.99999999999999,33.5,Medium
Lqoliaa,2026-09-23,38.9,22.5,0.0,0,19.1,44.6,3,30.2942,-9.4544,Very Hot,None,Normal,0.0,31.833333333333336,88.99999999999999,36.25,Medium
Lqoliaa,2026-09-24,37.0,21.9,0.0,0,17.2,38.9,3,30.2942,-9.4544,Very Hot,None,Normal,0.0,28.666666666666668,70.0,29.6,Low
Lqoliaa,2026-09-25,26.8,19.9,0.0,0,17.4,38.2,45,30.2942,-9.4544,Normal,None,Normal,0.0,28.999999999999996,0.0,8.7,Low
El Kelaa des Srarhna,2026-09-19,35.7,20.6,0.0,5,16.9,29.5,3,32.05,-7.4,Very Hot,None,Normal,1.5,28.16666666666666,57.00000000000003,26.15,Low
El Kelaa des Srarhna,2026-09-20,37.0,23.4,0.2,13,15.5,27.4,3,32.05,-7.4,Very Hot,Light,Normal,4.366666666666667,25.833333333333336,70.0,30.5,Medium
El Kelaa des Srarhna,2026-09-21,37.2,22.4,0.0,0,14.5,25.2,2,32.05,-7.4,Very Hot,None,Normal,0.0,24.166666666666668,72.00000000000003,28.85,Low
El Kelaa des Srarhna,2026-09-22,37.0,21.4,0.0,0,17.1,29.9,1,32.05,-7.4,Very Hot,None,Normal,0.0,28.500000000000004,70.0,29.55,Low
El Kelaa des Srarhna,2026-09-23,36.9,20.1,0.0,0,11.6,22.7,3,32.05,-7.4,Very Hot,None,Normal,0.0,19.333333333333332,68.99999999999999,26.5,Low
El Kelaa des Srarhna,2026-09-24,36.7,19.2,0.0,3,14.7,26.6,3,32.05,-7.4,Very Hot,None,Normal,0.8999999999999999,24.5,67.00000000000003,27.81,Low
El Kelaa des Srarhna,2026-09-25,33.5,20.6,0.0,3,15.3,25.2,3,32.05,-7.4,Hot,None,Normal,0.8999999999999999,25.5,35.0,18.51,Low
Moulay Abdallah,2026-09-19,26.7,20.0,0.0,0,18.2,28.4,2,33.1978,-8.5883,Normal,None,Normal,0.0,30.333333333333336,0.0,9.1,Low
Moulay Abdallah,2026-09-20,28.0,20.3,0.0,0,12.5,19.4,45,33.1978,-8.5883,Normal,None,Normal,0.0,20.833333333333336,0.0,6.25,Low
Moulay Abdallah,2026-09-21,28.9,20.9,0.0,0,14.4,22.3,45,33.1978,-8.5883,Normal,None,Normal,0.0,24.000000000000004,0.0,7.2,Low
Moulay Abdallah,2026-09-22,27.4,20.2,0.0,0,13.0,20.2,45,33.1978,-8.5883,Normal,None,Normal,0.0,21.666666666666668,0.0,6.5,Low
Moulay Abdallah,2026-09-23,28.1,19.7,0.0,0,14.8,23.4,45,33.1978,-8.5883,Normal,None,Normal,0.0,24.666666666666668,0.0,7.4,Low
Moulay Abdallah,2026-09-24,26.1,19.4,0.0,0,12.5,24.5,3,33.1978,-8.5883,Normal,None,Normal,0.0,20.833333333333336,0.0,6.25,Low
Moulay Abdallah,2026-09-25,25.3,19.6,0.0,0,11.5,23.4,45,33.1978,-8.5883,Normal,None,Normal,0.0,19.166666666666668,0.0,5.75,Low
Tiflet,2026-09-19,34.0,18.2,0.0,0,16.2,33.8,2,33.9,-6.33,Hot,None,Normal,0.0,26.999999999999996,40.0,20.1,Low
Tiflet,2026-09-20,36.5,20.4,0.0,0,15.6,31.7,1,33.9,-6.33,Very Hot,None,Normal,0.0,26.0,65.0,27.3,Low
Tiflet,2026-09-21,35.7,21.0,0.0,0,14.9,31.3,1,33.9,-6.33,Very Hot,None,Normal,0.0,24.833333333333336,57.00000000000003,24.55,Low
Tiflet,2026-09-22,34.6,20.2,0.0,0,14.9,31.7,0,33.9,-6.33,Hot,None,Normal,0.0,24.833333333333336,46.000000000000014,21.25,Low
Tiflet,2026-09-23,35.1,20.7,0.0,0,13.1,31.7,0,33.9,-6.33,Very Hot,None,Normal,0.0,21.833333333333332,51.000000000000014,21.85,Low
Tiflet,2026-09-24,34.6,19.2,0.0,0,16.1,33.8,2,33.9,-6.33,Hot,None,Normal,0.0,26.833333333333336,46.000000000000014,21.85,Low
Tiflet,2026-09-25,29.9,17.5,0.0,3,15.8,33.5,3,33.9,-6.33,Normal,None,Normal,0.8999999999999999,26.333333333333336,0.0,8.26,Low
Oulad Teïma,2026-09-19,29.3,19.1,0.0,0,26.1,47.9,2,30.4,-9.21,Normal,None,Moderate,0.0,43.5,0.0,13.05,Low
Oulad Teïma,2026-09-20,31.5,19.2,0.0,0,22.3,41.8,45,30.4,-9.21,Hot,None,Moderate,0.0,37.16666666666667,15.0,15.65,Low
Oulad Teïma,2026-09-21,41.0,20.9,0.0,0,19.8,36.7,3,30.4,-9.21,Very Hot,None,Normal,0.0,33.0,100.0,39.9,Medium
Oulad Teïma,2026-09-22,39.6,21.4,0.0,0,31.0,58.3,3,30.4,-9.21,Very Hot,None,Moderate,0.0,51.66666666666667,96.00000000000001,44.3,Medium
Oulad Teïma,2026-09-23,40.7,21.7,0.0,0,27.4,49.7,3,30.4,-9.21,Very Hot,None,Moderate,0.0,45.666666666666664,100.0,43.7,Medium
Oulad Teïma,2026-09-24,39.0,22.4,0.0,0,26.4,43.6,3,30.4,-9.21,Very Hot,None,Moderate,0.0,44.0,90.0,40.2,Medium
Oulad Teïma,2026-09-25,29.4,19.6,0.0,0,28.3,48.6,45,30.4,-9.21,Normal,None,Moderate,0.0,47.16666666666667,0.0,14.15,Low
Berkane,2026-09-19,27.2,20.2,0.0,13,19.3,40.0,45,34.9167,-2.3167,Normal,None,Normal,3.9000000000000004,32.166666666666664,0.0,11.21,Low
Berkane,2026-09-20,28.0,21.2,0.0,3,18.7,38.5,45,34.9167,-2.3167,Normal,None,Normal,0.8999999999999999,31.166666666666664,0.0,9.71,Low
Berkane,2026-09-21,27.1,19.5,0.0,13,20.6,42.1,45,34.9167,-2.3167,Normal,None,Moderate,3.9000000000000004,34.333333333333336,0.0,11.86,Low
Berkane,2026-09-22,27.4,17.3,0.0,0,16.4,38.5,2,34.9167,-2.3167,Normal,None,Normal,0.0,27.333333333333332,0.0,8.2,Low
Berkane,2026-09-23,27.5,17.5,0.0,0,14.5,32.0,2,34.9167,-2.3167,Normal,None,Normal,0.0,24.166666666666668,0.0,7.25,Low
Berkane,2026-09-24,30.1,18.2,0.0,0,14.0,27.0,1,34.9167,-2.3167,Hot,None,Normal,0.0,23.333333333333332,1.0000000000000142,7.3,Low
Berkane,2026-09-25,30.6,20.6,0.0,0,12.0,24.1,3,34.9167,-2.3167,Hot,None,Normal,0.0,20.0,6.000000000000014,7.8,Low
Ain El Aouda,2026-09-19,31.0,15.8,0.0,0,14.5,29.2,2,33.8111,-6.7922,Hot,None,Normal,0.0,24.166666666666668,10.0,10.25,Low
Ain El Aouda,2026-09-20,35.6,18.0,0.0,0,16.0,31.7,2,33.8111,-6.7922,Very Hot,None,Normal,0.0,26.666666666666668,56.000000000000014,24.8,Low
Ain El Aouda,2026-09-21,34.7,19.4,0.0,0,15.2,30.2,1,33.8111,-6.7922,Hot,None,Normal,0.0,25.33333333333333,47.00000000000003,21.7,Low
Ain El Aouda,2026-09-22,34.0,19.2,0.0,0,15.4,31.0,0,33.8111,-6.7922,Hot,None,Normal,0.0,25.666666666666664,40.0,19.7,Low
Ain El Aouda,2026-09-23,33.7,17.0,0.0,0,14.2,29.5,0,33.8111,-6.7922,Hot,None,Normal,0.0,23.666666666666668,37.00000000000003,18.2,Low
Ain El Aouda,2026-09-24,32.5,16.9,0.0,0,15.6,30.2,3,33.8111,-6.7922,Hot,None,Normal,0.0,26.0,25.0,15.3,Low
Ain El Aouda,2026-09-25,28.7,16.5,0.0,3,15.3,30.2,45,33.8111,-6.7922,Normal,None,Normal,0.8999999999999999,25.5,0.0,8.01,Low
Errachidia,2026-09-19,29.5,18.7,6.4,65,16.2,33.1,95,31.9319,-4.4244,Normal,Moderate,Normal,34.43333333333334,26.999999999999996,0.0,21.87,Low
Errachidia,2026-09-20,28.4,17.4,0.0,23,12.0,25.2,3,31.9319,-4.4244,Normal,None,Normal,6.9,20.0,0.0,8.76,Low
Errachidia,2026-09-21,31.1,18.9,0.1,14,8.2,25.9,80,31.9319,-4.4244,Hot,Light,Normal,4.433333333333334,13.666666666666666,11.000000000000014,9.17,Low
Errachidia,2026-09-22,29.4,17.7,0.0,3,10.1,18.7,2,31.9319,-4.4244,Normal,None,Normal,0.8999999999999999,16.833333333333332,0.0,5.41,Low
Errachidia,2026-09-23,29.2,17.0,0.0,3,9.7,22.3,2,31.9319,-4.4244,Normal,None,Normal,0.8999999999999999,16.166666666666664,0.0,5.21,Low
Errachidia,2026-09-24,30.3,17.9,0.0,0,12.5,23.4,2,31.9319,-4.4244,Hot,None,Normal,0.0,20.833333333333336,3.000000000000007,7.15,Low
Errachidia,2026-09-25,30.1,18.3,0.3,19,21.1,35.3,3,31.9319,-4.4244,Hot,Light,Moderate,6.4,35.16666666666667,1.0000000000000142,13.41,Low
Al Fqih Ben Çalah,2026-09-19,36.9,20.1,0.0,0,14.5,28.1,2,32.507,-6.6886,Very Hot,None,Normal,0.0,24.166666666666668,68.99999999999999,27.95,Low
Al Fqih Ben Çalah,2026-09-20,38.4,22.3,0.0,8,20.5,41.8,3,32.507,-6.6886,Very Hot,None,Moderate,2.4,34.166666666666664,83.99999999999999,36.41,Medium
Al Fqih Ben Çalah,2026-09-21,37.8,20.8,0.0,0,15.3,29.9,2,32.507,-6.6886,Very Hot,None,Normal,0.0,25.5,77.99999999999997,31.05,Medium
Al Fqih Ben Çalah,2026-09-22,37.1,19.1,0.0,0,13.3,27.4,2,32.507,-6.6886,Very Hot,None,Normal,0.0,22.166666666666668,71.00000000000001,27.95,Low
Al Fqih Ben Çalah,2026-09-23,37.3,18.3,0.0,0,11.6,23.4,0,32.507,-6.6886,Very Hot,None,Normal,0.0,19.333333333333332,72.99999999999997,27.7,Low
Al Fqih Ben Çalah,2026-09-24,37.5,18.0,0.0,0,13.7,24.8,1,32.507,-6.6886,Very Hot,None,Normal,0.0,22.833333333333332,75.0,29.35,Low
Al Fqih Ben Çalah,2026-09-25,35.2,18.9,0.0,3,11.6,20.5,3,32.507,-6.6886,Very Hot,None,Normal,0.8999999999999999,19.333333333333332,52.00000000000002,21.76,Low
Ad Darwa,2026-09-19,30.3,17.6,0.0,0,15.1,30.2,45,33.4167,-7.5333,Hot,None,Normal,0.0,25.166666666666664,3.000000000000007,8.45,Low
Ad Darwa,2026-09-20,35.1,18.9,0.0,0,15.2,31.0,1,33.4167,-7.5333,Very Hot,None,Normal,0.0,25.33333333333333,51.000000000000014,22.9,Low
Ad Darwa,2026-09-21,35.3,19.5,0.0,0,16.1,31.7,2,33.4167,-7.5333,Very Hot,None,Normal,0.0,26.833333333333336,52.99999999999997,23.95,Low
Ad Darwa,2026-09-22,34.3,19.1,0.0,0,15.3,30.2,0,33.4167,-7.5333,Hot,None,Normal,0.0,25.5,42.99999999999997,20.55,Low
Ad Darwa,2026-09-23,34.1,17.3,0.0,0,14.1,28.1,45,33.4167,-7.5333,Hot,None,Normal,0.0,23.5,41.000000000000014,19.35,Low
Ad Darwa,2026-09-24,34.1,16.5,0.0,0,17.3,34.2,45,33.4167,-7.5333,Hot,None,Normal,0.0,28.833333333333332,41.000000000000014,20.95,Low
Ad Darwa,2026-09-25,29.2,19.1,0.0,3,15.5,32.0,45,33.4167,-7.5333,Normal,None,Normal,0.8999999999999999,25.833333333333336,0.0,8.11,Low
Martil,2026-09-19,24.7,22.0,3.8,40,28.4,60.5,80,35.61,-5.27,Normal,Moderate,Moderate,20.866666666666667,47.333333333333336,0.0,22.55,Low
Martil,2026-09-20,24.6,22.7,2.1,45,23.5,51.5,80,35.61,-5.27,Normal,Light,Moderate,18.4,39.166666666666664,0.0,19.11,Low
Martil,2026-09-21,25.6,21.7,0.0,8,23.6,51.8,2,35.61,-5.27,Normal,None,Moderate,2.4,39.333333333333336,0.0,12.76,Low
Martil,2026-09-22,25.0,21.3,0.0,0,18.8,40.0,2,35.61,-5.27,Normal,None,Normal,0.0,31.333333333333336,0.0,9.4,Low
Martil,2026-09-23,24.9,20.6,0.0,0,14.8,33.5,2,35.61,-5.27,Normal,None,Normal,0.0,24.666666666666668,0.0,7.4,Low
Martil,2026-09-24,25.3,20.3,0.0,0,13.6,24.1,45,35.61,-5.27,Normal,None,Normal,0.0,22.666666666666664,0.0,6.8,Low
Martil,2026-09-25,29.4,20.0,0.0,0,8.6,15.8,45,35.61,-5.27,Normal,None,Normal,0.0,14.333333333333334,0.0,4.3,Low
Sidi Slimane,2026-09-19,37.0,19.2,0.0,0,14.2,28.1,1,34.26,-5.93,Very Hot,None,Normal,0.0,23.666666666666668,70.0,28.1,Low
Sidi Slimane,2026-09-20,38.5,23.0,0.0,0,15.5,33.1,1,34.26,-5.93,Very Hot,None,Normal,0.0,25.833333333333336,85.0,33.25,Medium
Sidi Slimane,2026-09-21,38.1,22.3,0.0,0,13.1,27.4,1,34.26,-5.93,Very Hot,None,Normal,0.0,21.833333333333332,81.00000000000001,30.85,Medium
Sidi Slimane,2026-09-22,37.0,21.8,0.0,0,14.6,26.3,0,34.26,-5.93,Very Hot,None,Normal,0.0,24.333333333333332,70.0,28.3,Low
Sidi Slimane,2026-09-23,37.2,18.6,0.0,0,13.5,33.5,0,34.26,-5.93,Very Hot,None,Normal,0.0,22.5,72.00000000000003,28.35,Low
Sidi Slimane,2026-09-24,35.3,17.7,0.0,0,17.1,32.4,2,34.26,-5.93,Very Hot,None,Normal,0.0,28.500000000000004,52.99999999999997,24.45,Low
Sidi Slimane,2026-09-25,30.5,19.8,0.0,3,17.1,31.7,45,34.26,-5.93,Hot,None,Normal,0.8999999999999999,28.500000000000004,5.0,10.41,Low
Oued Zem,2026-09-19,33.9,19.6,0.0,0,18.0,40.0,2,32.8619,-6.5711,Hot,None,Normal,0.0,30.0,38.999999999999986,20.7,Low
Oued Zem,2026-09-20,35.2,21.8,0.0,8,19.9,46.4,3,32.8619,-6.5711,Very Hot,None,Normal,2.4,33.166666666666664,52.00000000000002,26.51,Low
Oued Zem,2026-09-21,34.3,21.7,0.0,3,19.9,40.3,3,32.8619,-6.5711,Hot,None,Normal,0.8999999999999999,33.166666666666664,42.99999999999997,23.21,Low
Oued Zem,2026-09-22,33.9,22.3,0.0,0,14.2,32.0,2,32.8619,-6.5711,Hot,None,Normal,0.0,23.666666666666668,38.999999999999986,18.8,Low
Oued Zem,2026-09-23,34.3,18.6,0.0,0,13.6,30.6,0,32.8619,-6.5711,Hot,None,Normal,0.0,22.666666666666664,42.99999999999997,19.7,Low
Oued Zem,2026-09-24,33.5,19.7,0.0,0,12.7,27.0,2,32.8619,-6.5711,Hot,None,Normal,0.0,21.166666666666664,35.0,16.85,Low
Oued Zem,2026-09-25,31.6,18.4,0.0,0,16.5,34.2,3,32.8619,-6.5711,Hot,None,Normal,0.0,27.500000000000004,16.000000000000014,13.05,Low
Sefrou,2026-09-19,30.5,20.0,0.4,13,17.9,42.1,2,33.83,-4.83,Hot,Light,Normal,4.833333333333334,29.83333333333333,5.0,12.38,Low
Sefrou,2026-09-20,31.6,20.7,0.0,0,16.9,37.8,1,33.83,-4.83,Hot,None,Normal,0.0,28.16666666666666,16.000000000000014,13.25,Low
Sefrou,2026-09-21,31.2,20.4,0.0,0,17.1,36.7,1,33.83,-4.83,Hot,None,Normal,0.0,28.500000000000004,11.999999999999993,12.15,Low
Sefrou,2026-09-22,30.0,19.6,0.0,0,17.7,38.5,0,33.83,-4.83,Normal,None,Normal,0.0,29.5,0.0,8.85,Low
Sefrou,2026-09-23,31.0,19.9,0.0,0,15.5,34.2,0,33.83,-4.83,Hot,None,Normal,0.0,25.833333333333336,10.0,10.75,Low
Sefrou,2026-09-24,33.1,19.1,0.0,0,15.8,31.7,2,33.83,-4.83,Hot,None,Normal,0.0,26.333333333333336,31.000000000000018,17.2,Low
Sefrou,2026-09-25,31.2,16.8,0.0,0,18.9,36.4,3,33.83,-4.83,Hot,None,Normal,0.0,31.5,11.999999999999993,13.05,Low
Taroudannt,2026-09-19,32.0,20.9,0.0,0,23.1,45.7,2,30.4711,-8.8778,Hot,None,Moderate,0.0,38.5,20.0,17.55,Low
Taroudannt,2026-09-20,34.3,21.2,0.0,0,21.3,41.4,2,30.4711,-8.8778,Hot,None,Moderate,0.0,35.50000000000001,42.99999999999997,23.55,Low
Taroudannt,2026-09-21,40.0,22.2,0.0,0,27.1,52.9,3,30.4711,-8.8778,Very Hot,None,Moderate,0.0,45.16666666666667,100.0,43.55,Medium
Taroudannt,2026-09-22,39.6,22.7,0.0,0,30.0,64.4,1,30.4711,-8.8778,Very Hot,None,Moderate,0.0,50.0,96.00000000000001,43.8,Medium
Taroudannt,2026-09-23,41.5,23.0,0.0,0,22.4,52.2,3,30.4711,-8.8778,Very Hot,None,Moderate,0.0,37.33333333333333,100.0,41.2,Medium
Taroudannt,2026-09-24,40.5,21.8,0.0,0,26.4,49.3,3,30.4711,-8.8778,Very Hot,None,Moderate,0.0,44.0,100.0,43.2,Medium
Taroudannt,2026-09-25,34.1,19.8,0.0,3,28.7,50.8,3,30.4711,-8.8778,Hot,None,Moderate,0.8999999999999999,47.833333333333336,41.000000000000014,27.01,Low
Essaouira,2026-09-19,24.3,18.5,0.0,0,20.5,38.9,2,31.513,-9.7687,Normal,None,Moderate,0.0,34.166666666666664,0.0,10.25,Low
Essaouira,2026-09-20,25.0,19.2,0.0,0,12.8,25.6,3,31.513,-9.7687,Normal,None,Normal,0.0,21.333333333333336,0.0,6.4,Low
Essaouira,2026-09-21,26.1,19.2,0.0,0,10.1,19.4,3,31.513,-9.7687,Normal,None,Normal,0.0,16.833333333333332,0.0,5.05,Low
Essaouira,2026-09-22,24.0,18.7,0.0,0,12.3,24.1,3,31.513,-9.7687,Normal,None,Normal,0.0,20.5,0.0,6.15,Low
Essaouira,2026-09-23,25.4,18.8,0.0,0,14.6,28.4,3,31.513,-9.7687,Normal,None,Normal,0.0,24.333333333333332,0.0,7.3,Low
Essaouira,2026-09-24,28.6,20.1,0.0,0,10.0,20.2,3,31.513,-9.7687,Normal,None,Normal,0.0,16.666666666666664,0.0,5.0,Low
Essaouira,2026-09-25,26.6,19.7,0.0,0,15.3,30.6,3,31.513,-9.7687,Normal,None,Normal,0.0,25.5,0.0,7.65,Low
Azrou,2026-09-19,27.8,19.0,0.4,38,14.8,38.2,3,33.4344,-5.2213,Normal,Light,Normal,12.333333333333334,24.666666666666668,0.0,12.33,Low
Azrou,2026-09-20,28.8,18.2,0.0,3,19.8,45.4,3,33.4344,-5.2213,Normal,None,Normal,0.8999999999999999,33.0,0.0,10.26,Low
Azrou,2026-09-21,28.4,16.7,0.0,0,19.5,42.8,1,33.4344,-5.2213,Normal,None,Normal,0.0,32.5,0.0,9.75,Low
Azrou,2026-09-22,27.4,15.1,0.0,0,16.1,39.6,1,33.4344,-5.2213,Normal,None,Normal,0.0,26.833333333333336,0.0,8.05,Low
Azrou,2026-09-23,28.2,15.4,0.0,0,10.5,25.6,0,33.4344,-5.2213,Normal,None,Normal,0.0,17.5,0.0,5.25,Low
Azrou,2026-09-24,28.8,17.9,0.0,0,15.5,36.7,2,33.4344,-5.2213,Normal,None,Normal,0.0,25.833333333333336,0.0,7.75,Low
Azrou,2026-09-25,28.4,18.2,0.0,5,15.1,40.7,3,33.4344,-5.2213,Normal,None,Normal,1.5,25.166666666666664,0.0,8.15,Low
Guercif,2026-09-19,30.8,20.9,1.4,23,28.9,58.7,80,34.23,-3.36,Hot,Light,Moderate,10.166666666666666,48.166666666666664,8.000000000000007,20.92,Low
Guercif,2026-09-20,31.8,21.1,0.0,0,27.7,52.9,2,34.23,-3.36,Hot,None,Moderate,0.0,46.166666666666664,18.000000000000007,19.25,Low
Guercif,2026-09-21,29.7,20.0,0.0,0,27.9,52.2,3,34.23,-3.36,Normal,None,Moderate,0.0,46.5,0.0,13.95,Low
Guercif,2026-09-22,30.9,17.2,0.0,0,21.9,48.6,45,34.23,-3.36,Hot,None,Moderate,0.0,36.5,8.999999999999986,13.65,Low
Guercif,2026-09-23,32.6,16.9,0.0,0,21.7,43.9,0,34.23,-3.36,Hot,None,Moderate,0.0,36.166666666666664,26.00000000000001,18.65,Low
Guercif,2026-09-24,35.5,18.0,0.0,0,20.6,33.5,0,34.23,-3.36,Very Hot,None,Moderate,0.0,34.333333333333336,55.00000000000001,26.8,Low
Guercif,2026-09-25,36.5,20.2,0.0,0,23.9,42.1,3,34.23,-3.36,Very Hot,None,Moderate,0.0,39.83333333333333,65.0,31.45,Medium
Warzat,2026-09-19,30.8,19.1,0.2,30,30.9,53.6,3,30.9167,-6.9167,Hot,Light,Moderate,9.466666666666667,51.5,8.000000000000007,21.64,Low
Warzat,2026-09-20,30.7,18.9,0.9,28,32.5,57.6,80,30.9167,-6.9167,Hot,Light,Moderate,10.5,54.166666666666664,6.999999999999992,22.55,Low
Warzat,2026-09-21,31.9,18.4,0.3,5,25.6,44.3,80,30.9167,-6.9167,Hot,Light,Moderate,2.2,42.66666666666667,18.999999999999986,19.38,Low
Warzat,2026-09-22,32.9,16.6,0.0,0,33.4,59.8,0,30.9167,-6.9167,Hot,None,Moderate,0.0,55.666666666666664,28.999999999999986,25.4,Low
Warzat,2026-09-23,33.0,15.4,0.0,0,21.9,46.4,2,30.9167,-6.9167,Hot,None,Moderate,0.0,36.5,30.0,19.95,Low
Warzat,2026-09-24,32.9,16.6,0.0,0,12.7,20.9,3,30.9167,-6.9167,Hot,None,Normal,0.0,21.166666666666664,28.999999999999986,15.05,Low
Warzat,2026-09-25,29.4,18.0,3.9,15,10.2,26.6,80,30.9167,-6.9167,Normal,Moderate,Normal,13.6,17.0,0.0,10.54,Low
Fnidq,2026-09-19,24.8,21.3,2.4,40,26.1,48.6,80,35.8414,-5.3587,Normal,Light,Moderate,17.6,43.5,0.0,20.09,Low
Fnidq,2026-09-20,24.4,22.0,1.8,45,21.9,45.0,80,35.8414,-5.3587,Normal,Light,Moderate,17.7,36.5,0.0,18.03,Low
Fnidq,2026-09-21,25.3,21.3,0.0,8,19.1,36.4,2,35.8414,-5.3587,Normal,None,Normal,2.4,31.833333333333336,0.0,10.51,Low
Fnidq,2026-09-22,24.9,20.8,0.0,0,19.3,36.7,2,35.8414,-5.3587,Normal,None,Normal,0.0,32.166666666666664,0.0,9.65,Low
Fnidq,2026-09-23,24.4,20.3,0.0,0,14.7,30.2,2,35.8414,-5.3587,Normal,None,Normal,0.0,24.5,0.0,7.35,Low
Fnidq,2026-09-24,25.2,20.2,0.0,0,13.6,24.1,45,35.8414,-5.3587,Normal,None,Normal,0.0,22.666666666666664,0.0,6.8,Low
Fnidq,2026-09-25,29.4,19.9,0.0,0,8.6,15.8,45,35.8414,-5.3587,Normal,None,Normal,0.0,14.333333333333334,0.0,4.3,Low
Tan-Tan,2026-09-19,26.9,19.4,0.0,0,20.3,38.9,3,28.4333,-11.1,Normal,None,Moderate,0.0,33.83333333333333,0.0,10.15,Low
Tan-Tan,2026-09-20,31.4,18.5,0.0,0,18.1,34.9,3,28.4333,-11.1,Hot,None,Normal,0.0,30.166666666666668,13.999999999999984,13.25,Low
Tan-Tan,2026-09-21,38.1,18.5,0.0,0,24.8,45.4,1,28.4333,-11.1,Very Hot,None,Moderate,0.0,41.333333333333336,81.00000000000001,36.7,Medium
Tan-Tan,2026-09-22,33.5,18.7,0.0,0,21.7,39.6,3,28.4333,-11.1,Hot,None,Moderate,0.0,36.166666666666664,35.0,21.35,Low
Tan-Tan,2026-09-23,35.4,25.2,0.0,0,19.6,37.8,3,28.4333,-11.1,Very Hot,None,Normal,0.0,32.66666666666667,53.99999999999998,26.0,Low
Tan-Tan,2026-09-24,38.2,21.8,0.0,2,21.6,42.1,1,28.4333,-11.1,Very Hot,None,Moderate,0.6,36.00000000000001,82.00000000000003,35.64,Medium
Tan-Tan,2026-09-25,31.3,18.8,0.0,2,16.2,38.5,3,28.4333,-11.1,Hot,None,Normal,0.6,26.999999999999996,13.000000000000005,12.24,Low
Sidi Qacem,2026-09-19,36.4,20.9,0.0,0,21.1,43.2,1,34.21,-5.7,Very Hot,None,Moderate,0.0,35.16666666666667,63.99999999999999,29.75,Low
Sidi Qacem,2026-09-20,37.7,24.7,0.0,0,15.9,34.6,1,34.21,-5.7,Very Hot,None,Normal,0.0,26.5,77.00000000000003,31.05,Medium
Sidi Qacem,2026-09-21,37.4,23.6,0.0,0,11.3,25.9,1,34.21,-5.7,Very Hot,None,Normal,0.0,18.833333333333336,73.99999999999999,27.85,Low
Sidi Qacem,2026-09-22,36.3,22.8,0.0,0,9.3,20.9,2,34.21,-5.7,Very Hot,None,Normal,0.0,15.5,62.999999999999964,23.55,Low
Sidi Qacem,2026-09-23,36.7,19.4,0.0,0,11.1,24.8,0,34.21,-5.7,Very Hot,None,Normal,0.0,18.5,67.00000000000003,25.65,Low
Sidi Qacem,2026-09-24,36.4,19.4,0.0,0,15.4,35.3,1,34.21,-5.7,Very Hot,None,Normal,0.0,25.666666666666664,63.99999999999999,26.9,Low
Sidi Qacem,2026-09-25,31.4,18.8,0.0,3,16.3,33.8,45,34.21,-5.7,Hot,None,Normal,0.8999999999999999,27.166666666666668,13.999999999999984,12.71,Low
M’diq,2026-09-19,24.6,21.9,3.8,0,28.4,60.5,80,35.68,-5.32,Normal,Moderate,Moderate,8.866666666666665,47.333333333333336,0.0,17.75,Low
M’diq,2026-09-20,24.5,22.5,2.1,0,23.5,51.5,80,35.68,-5.32,Normal,Light,Moderate,4.9,39.166666666666664,0.0,13.71,Low
M’diq,2026-09-21,25.5,21.6,0.0,0,23.6,51.8,2,35.68,-5.32,Normal,None,Moderate,0.0,39.333333333333336,0.0,11.8,Low
M’diq,2026-09-22,24.8,21.1,0.0,0,18.8,40.0,2,35.68,-5.32,Normal,None,Normal,0.0,31.333333333333336,0.0,9.4,Low
M’diq,2026-09-23,24.7,20.4,0.0,0,14.8,33.5,2,35.68,-5.32,Normal,None,Normal,0.0,24.666666666666668,0.0,7.4,Low
M’diq,2026-09-24,27.5,20.5,0.0,0,16.5,40.0,45,35.68,-5.32,Normal,None,Normal,0.0,27.500000000000004,0.0,8.25,Low
M’diq,2026-09-25,30.4,19.9,0.0,0,9.8,22.3,45,35.68,-5.32,Hot,None,Normal,0.0,16.333333333333336,3.9999999999999853,6.1,Low
Youssoufia,2026-09-19,33.8,17.4,0.0,0,16.2,34.6,2,32.25,-8.53,Hot,None,Normal,0.0,26.999999999999996,37.99999999999997,19.5,Low
Youssoufia,2026-09-20,35.5,22.6,0.0,3,18.8,39.2,2,32.25,-8.53,Very Hot,None,Normal,0.8999999999999999,31.333333333333336,55.00000000000001,26.26,Low
Youssoufia,2026-09-21,37.6,22.6,0.0,0,17.7,36.7,3,32.25,-8.53,Very Hot,None,Normal,0.0,29.5,76.00000000000001,31.65,Medium
Youssoufia,2026-09-22,37.5,21.1,0.0,0,18.1,40.7,0,32.25,-8.53,Very Hot,None,Normal,0.0,30.166666666666668,75.0,31.55,Medium
Youssoufia,2026-09-23,37.9,19.9,0.0,0,16.1,34.9,3,32.25,-8.53,Very Hot,None,Normal,0.0,26.833333333333336,78.99999999999999,31.75,Medium
Youssoufia,2026-09-24,35.9,19.8,0.0,0,19.6,36.7,3,32.25,-8.53,Very Hot,None,Normal,0.0,32.66666666666667,58.999999999999986,27.5,Low
Youssoufia,2026-09-25,30.7,19.7,0.0,3,20.6,37.8,3,32.25,-8.53,Hot,None,Moderate,0.8999999999999999,34.333333333333336,6.999999999999992,12.76,Low
Midalt,2026-09-19,26.9,13.3,0.6,58,23.1,41.4,80,32.68,-4.74,Normal,Light,Moderate,18.799999999999997,38.5,0.0,19.07,Low
Midalt,2026-09-20,29.2,13.7,0.0,25,24.0,45.0,3,32.68,-4.74,Normal,None,Moderate,7.5,40.0,0.0,15.0,Low
Midalt,2026-09-21,28.7,14.5,0.0,3,24.3,43.2,3,32.68,-4.74,Normal,None,Moderate,0.8999999999999999,40.5,0.0,12.51,Low
Midalt,2026-09-22,28.0,14.4,0.0,0,23.2,40.0,3,32.68,-4.74,Normal,None,Moderate,0.0,38.666666666666664,0.0,11.6,Low
Midalt,2026-09-23,28.6,13.3,0.0,0,19.4,36.0,1,32.68,-4.74,Normal,None,Normal,0.0,32.33333333333333,0.0,9.7,Low
Midalt,2026-09-24,29.4,12.6,0.0,0,23.6,38.2,1,32.68,-4.74,Normal,None,Moderate,0.0,39.333333333333336,0.0,11.8,Low
Midalt,2026-09-25,29.3,12.2,0.6,5,11.2,20.5,3,32.68,-4.74,Normal,Light,Normal,2.9000000000000004,18.666666666666664,0.0,6.76,Low
Aïn Harrouda,2026-09-19,27.1,17.3,0.0,0,12.2,33.1,45,33.6372,-7.4483,Normal,None,Normal,0.0,20.333333333333332,0.0,6.1,Low
Aïn Harrouda,2026-09-20,30.3,18.8,0.0,0,10.8,29.9,1,33.6372,-7.4483,Hot,None,Normal,0.0,18.000000000000004,3.000000000000007,6.3,Low
Aïn Harrouda,2026-09-21,31.1,19.6,0.0,0,12.2,33.5,2,33.6372,-7.4483,Hot,None,Normal,0.0,20.333333333333332,11.000000000000014,9.4,Low
Aïn Harrouda,2026-09-22,30.0,19.3,0.0,0,11.4,30.6,45,33.6372,-7.4483,Normal,None,Normal,0.0,19.0,0.0,5.7,Low
Aïn Harrouda,2026-09-23,29.1,18.3,0.0,0,10.5,29.9,45,33.6372,-7.4483,Normal,None,Normal,0.0,17.5,0.0,5.25,Low
Aïn Harrouda,2026-09-24,28.2,17.4,0.0,0,11.8,27.4,45,33.6372,-7.4483,Normal,None,Normal,0.0,19.666666666666668,0.0,5.9,Low
Aïn Harrouda,2026-09-25,26.0,20.0,0.0,0,12.3,30.6,45,33.6372,-7.4483,Normal,None,Normal,0.0,20.5,0.0,6.15,Low
Souq Sebt Oulad Nemma,2026-09-19,37.3,20.8,0.0,0,14.3,25.6,2,32.3,-6.7,Very Hot,None,Normal,0.0,23.833333333333336,72.99999999999997,29.05,Low
Souq Sebt Oulad Nemma,2026-09-20,38.7,22.7,0.0,5,18.9,32.0,3,32.3,-6.7,Very Hot,None,Normal,1.5,31.5,87.00000000000003,36.15,Medium
Souq Sebt Oulad Nemma,2026-09-21,38.0,22.1,0.0,0,13.9,24.5,2,32.3,-6.7,Very Hot,None,Normal,0.0,23.166666666666664,80.0,30.95,Medium
Souq Sebt Oulad Nemma,2026-09-22,37.7,21.9,0.0,0,12.5,23.4,2,32.3,-6.7,Very Hot,None,Normal,0.0,20.833333333333336,77.00000000000003,29.35,Low
Souq Sebt Oulad Nemma,2026-09-23,37.7,20.1,0.0,0,10.8,20.5,0,32.3,-6.7,Very Hot,None,Normal,0.0,18.000000000000004,77.00000000000003,28.5,Low
Souq Sebt Oulad Nemma,2026-09-24,37.7,18.5,0.0,0,13.4,24.1,1,32.3,-6.7,Very Hot,None,Normal,0.0,22.333333333333332,77.00000000000003,29.8,Low
Souq Sebt Oulad Nemma,2026-09-25,35.4,20.6,0.0,3,11.9,22.0,3,32.3,-6.7,Very Hot,None,Normal,0.8999999999999999,19.833333333333332,53.99999999999998,22.51,Low
Mehdya,2026-09-19,31.1,18.0,0.0,0,14.0,32.0,1,34.2557,-6.6745,Hot,None,Normal,0.0,23.333333333333332,11.000000000000014,10.3,Low
Mehdya,2026-09-20,35.3,20.0,0.0,0,12.6,29.9,1,34.2557,-6.6745,Very Hot,None,Normal,0.0,21.0,52.99999999999997,22.2,Low
Mehdya,2026-09-21,33.4,20.5,0.0,0,12.0,28.4,1,34.2557,-6.6745,Hot,None,Normal,0.0,20.0,33.999999999999986,16.2,Low
Mehdya,2026-09-22,30.4,19.9,0.0,0,12.1,27.4,0,34.2557,-6.6745,Hot,None,Normal,0.0,20.166666666666664,3.9999999999999853,7.25,Low
Mehdya,2026-09-23,30.3,19.0,0.0,0,11.8,28.1,45,34.2557,-6.6745,Hot,None,Normal,0.0,19.666666666666668,3.000000000000007,6.8,Low
Mehdya,2026-09-24,28.1,18.0,0.0,0,10.9,26.3,45,34.2557,-6.6745,Normal,None,Normal,0.0,18.166666666666668,0.0,5.45,Low
Mehdya,2026-09-25,25.9,20.1,0.0,0,10.7,26.3,45,34.2557,-6.6745,Normal,None,Normal,0.0,17.833333333333332,0.0,5.35,Low
Ouezzane,2026-09-19,35.3,17.7,0.0,0,16.6,35.3,1,34.8,-5.6,Very Hot,None,Normal,0.0,27.666666666666668,52.99999999999997,24.2,Low
Ouezzane,2026-09-20,36.1,20.8,0.0,0,13.0,25.9,2,34.8,-5.6,Very Hot,None,Normal,0.0,21.666666666666668,61.00000000000001,24.8,Low
Ouezzane,2026-09-21,35.6,20.3,0.0,0,13.0,25.6,1,34.8,-5.6,Very Hot,None,Normal,0.0,21.666666666666668,56.000000000000014,23.3,Low
Ouezzane,2026-09-22,35.1,18.5,0.0,0,10.7,20.5,1,34.8,-5.6,Very Hot,None,Normal,0.0,17.833333333333332,51.000000000000014,20.65,Low
Ouezzane,2026-09-23,35.2,18.2,0.0,0,13.0,25.2,0,34.8,-5.6,Very Hot,None,Normal,0.0,21.666666666666668,52.00000000000002,22.1,Low
Ouezzane,2026-09-24,35.8,18.3,0.0,0,12.9,31.7,1,34.8,-5.6,Very Hot,None,Normal,0.0,21.5,57.99999999999997,23.85,Low
Ouezzane,2026-09-25,31.3,17.7,0.0,3,15.3,32.0,45,34.8,-5.6,Hot,None,Normal,0.8999999999999999,25.5,13.000000000000005,11.91,Low
Semara,2026-09-19,32.0,19.7,0.0,0,15.6,27.4,3,26.7394,-11.6703,Hot,None,Normal,0.0,26.0,20.0,13.8,Low
Semara,2026-09-20,37.8,18.9,0.0,0,20.8,36.7,3,26.7394,-11.6703,Very Hot,None,Moderate,0.0,34.66666666666667,77.99999999999997,33.8,Medium
Semara,2026-09-21,41.2,24.0,0.0,10,22.0,36.4,1,26.7394,-11.6703,Very Hot,None,Moderate,3.0,36.666666666666664,100.0,42.2,Medium
Semara,2026-09-22,41.4,24.8,0.0,2,22.6,45.4,2,26.7394,-11.6703,Very Hot,None,Moderate,0.6,37.66666666666667,100.0,41.54,Medium
Semara,2026-09-23,42.0,25.9,0.0,2,24.3,41.4,2,26.7394,-11.6703,Very Hot,None,Moderate,0.6,40.5,100.0,42.39,Medium
Semara,2026-09-24,41.6,27.1,0.0,2,28.9,50.4,3,26.7394,-11.6703,Very Hot,None,Moderate,0.6,48.166666666666664,100.0,44.69,Medium
Semara,2026-09-25,40.1,24.9,0.0,2,24.3,45.4,3,26.7394,-11.6703,Very Hot,None,Moderate,0.6,40.5,100.0,42.39,Medium
Ait Ourir,2026-09-19,34.4,19.9,0.3,18,11.7,38.9,80,31.5644,-7.6628,Hot,Light,Normal,6.1,19.499999999999996,43.999999999999986,21.49,Low
Ait Ourir,2026-09-20,35.5,23.4,0.0,23,12.8,27.0,3,31.5644,-7.6628,Very Hot,None,Normal,6.9,21.333333333333336,55.00000000000001,25.66,Low
Ait Ourir,2026-09-21,35.7,22.9,0.0,3,17.2,33.8,3,31.5644,-7.6628,Very Hot,None,Normal,0.8999999999999999,28.666666666666668,57.00000000000003,26.06,Low
Ait Ourir,2026-09-22,35.9,22.1,0.0,0,16.0,29.9,2,31.5644,-7.6628,Very Hot,None,Normal,0.0,26.666666666666668,58.999999999999986,25.7,Low
Ait Ourir,2026-09-23,35.9,20.7,0.0,3,12.3,26.3,3,31.5644,-7.6628,Very Hot,None,Normal,0.8999999999999999,20.5,58.999999999999986,24.21,Low
Ait Ourir,2026-09-24,35.7,20.0,0.0,3,14.3,27.7,1,31.5644,-7.6628,Very Hot,None,Normal,0.8999999999999999,23.833333333333336,57.00000000000003,24.61,Low
Ait Ourir,2026-09-25,32.9,19.7,0.0,5,11.6,23.0,3,31.5644,-7.6628,Hot,None,Normal,1.5,19.333333333333332,28.999999999999986,15.1,Low
Oulad Tayeb,2026-09-19,33.4,19.7,0.0,5,17.9,34.9,2,33.9598,-4.9954,Hot,None,Normal,1.5,29.83333333333333,33.999999999999986,19.75,Low
Oulad Tayeb,2026-09-20,34.9,20.3,0.0,0,15.0,29.5,1,33.9598,-4.9954,Hot,None,Normal,0.0,25.0,48.999999999999986,22.2,Low
Oulad Tayeb,2026-09-21,34.5,20.4,0.0,0,13.8,27.4,2,33.9598,-4.9954,Hot,None,Normal,0.0,23.0,45.0,20.4,Low
Oulad Tayeb,2026-09-22,33.3,19.5,0.0,0,11.9,24.5,0,33.9598,-4.9954,Hot,None,Normal,0.0,19.833333333333332,32.99999999999997,15.85,Low
Oulad Tayeb,2026-09-23,34.2,19.0,0.0,0,12.7,27.0,0,33.9598,-4.9954,Hot,None,Normal,0.0,21.166666666666664,42.00000000000003,18.95,Low
Oulad Tayeb,2026-09-24,35.2,19.7,0.0,0,13.7,33.5,2,33.9598,-4.9954,Very Hot,None,Normal,0.0,22.833333333333332,52.00000000000002,22.45,Low
Oulad Tayeb,2026-09-25,32.7,19.2,0.0,0,16.3,40.3,3,33.9598,-4.9954,Hot,None,Normal,0.0,27.166666666666668,27.00000000000003,16.25,Low
Tit Mellil,2026-09-19,27.5,17.4,0.0,0,12.6,34.6,45,33.5533,-7.4822,Normal,None,Normal,0.0,21.0,0.0,6.3,Low
Tit Mellil,2026-09-20,31.4,18.7,0.0,0,11.4,31.7,1,33.5533,-7.4822,Hot,None,Normal,0.0,19.0,13.999999999999984,9.9,Low
Tit Mellil,2026-09-21,31.7,19.6,0.0,0,12.5,34.6,2,33.5533,-7.4822,Hot,None,Normal,0.0,20.833333333333336,16.999999999999993,11.35,Low
Tit Mellil,2026-09-22,30.8,19.3,0.0,0,11.8,32.4,45,33.5533,-7.4822,Hot,None,Normal,0.0,19.666666666666668,8.000000000000007,8.3,Low
Tit Mellil,2026-09-23,30.4,17.8,0.0,0,11.2,31.3,45,33.5533,-7.4822,Hot,None,Normal,0.0,18.666666666666664,3.9999999999999853,6.8,Low
Tit Mellil,2026-09-24,28.7,17.3,0.0,0,11.3,30.2,45,33.5533,-7.4822,Normal,None,Normal,0.0,18.833333333333336,0.0,5.65,Low
Tit Mellil,2026-09-25,25.9,19.4,0.0,3,12.0,33.1,45,33.5533,-7.4822,Normal,None,Normal,0.8999999999999999,20.0,0.0,6.36,Low
Sidi Bennour,2026-09-19,33.2,16.6,0.0,0,19.4,33.8,3,32.655,-8.4292,Hot,None,Normal,0.0,32.33333333333333,32.00000000000003,19.3,Low
Sidi Bennour,2026-09-20,35.2,19.1,0.0,0,18.5,32.4,2,32.655,-8.4292,Very Hot,None,Normal,0.0,30.833333333333336,52.00000000000002,24.85,Low
Sidi Bennour,2026-09-21,38.0,19.4,0.0,0,18.9,34.6,3,32.655,-8.4292,Very Hot,None,Normal,0.0,31.5,80.0,33.45,Medium
Sidi Bennour,2026-09-22,37.2,17.4,0.0,0,18.2,33.8,0,32.655,-8.4292,Very Hot,None,Normal,0.0,30.333333333333336,72.00000000000003,30.7,Medium
Sidi Bennour,2026-09-23,38.1,16.0,0.0,0,16.4,31.3,45,32.655,-8.4292,Very Hot,None,Normal,0.0,27.333333333333332,81.00000000000001,32.5,Medium
Sidi Bennour,2026-09-24,34.6,16.7,0.0,3,17.4,32.8,3,32.655,-8.4292,Hot,None,Normal,0.8999999999999999,28.999999999999996,46.000000000000014,22.86,Low
Sidi Bennour,2026-09-25,29.4,18.4,0.0,3,18.1,33.5,45,32.655,-8.4292,Normal,None,Normal,0.8999999999999999,30.166666666666668,0.0,9.41,Low
Temsia,2026-09-19,26.9,19.8,0.0,0,22.1,46.1,45,30.3633,-9.4144,Normal,None,Moderate,0.0,36.833333333333336,0.0,11.05,Low
Temsia,2026-09-20,28.8,19.6,0.0,0,17.4,40.3,45,30.3633,-9.4144,Normal,None,Normal,0.0,28.999999999999996,0.0,8.7,Low
Temsia,2026-09-21,38.1,21.5,0.0,0,14.8,32.0,3,30.3633,-9.4144,Very Hot,None,Normal,0.0,24.666666666666668,81.00000000000001,31.7,Medium
Temsia,2026-09-22,38.2,22.3,0.0,0,22.0,47.9,3,30.3633,-9.4144,Very Hot,None,Moderate,0.0,36.666666666666664,82.00000000000003,35.6,Medium
Temsia,2026-09-23,39.5,23.2,0.0,0,20.2,45.0,3,30.3633,-9.4144,Very Hot,None,Moderate,0.0,33.666666666666664,95.0,38.6,Medium
Temsia,2026-09-24,39.5,22.9,0.0,0,26.4,43.6,3,30.3633,-9.4144,Very Hot,None,Moderate,0.0,44.0,95.0,41.7,Medium
Temsia,2026-09-25,29.9,20.1,0.0,0,28.3,48.6,45,30.3633,-9.4144,Normal,None,Moderate,0.0,47.16666666666667,0.0,14.15,Low
Biougra,2026-09-19,27.6,19.7,0.0,0,21.5,35.6,2,30.2144,-9.3708,Normal,None,Moderate,0.0,35.833333333333336,0.0,10.75,Low
Biougra,2026-09-20,29.5,19.7,0.0,0,19.9,32.8,1,30.2144,-9.3708,Normal,None,Normal,0.0,33.166666666666664,0.0,9.95,Low
Biougra,2026-09-21,39.8,22.3,0.0,0,18.2,30.6,3,30.2144,-9.3708,Very Hot,None,Normal,0.0,30.333333333333336,97.99999999999997,38.5,Medium
Biougra,2026-09-22,38.9,23.4,0.0,0,22.3,42.1,3,30.2144,-9.3708,Very Hot,None,Moderate,0.0,37.16666666666667,88.99999999999999,37.85,Medium
Biougra,2026-09-23,39.4,24.5,0.0,0,21.7,40.7,3,30.2144,-9.3708,Very Hot,None,Moderate,0.0,36.166666666666664,93.99999999999999,39.05,Medium
Biougra,2026-09-24,37.8,21.8,0.0,0,22.8,38.5,3,30.2144,-9.3708,Very Hot,None,Moderate,0.0,38.0,77.99999999999997,34.8,Medium
Biougra,2026-09-25,28.1,19.5,0.0,0,24.4,41.0,45,30.2144,-9.3708,Normal,None,Moderate,0.0,40.666666666666664,0.0,12.2,Low
Al Hoceïma,2026-09-19,27.6,21.3,0.0,0,28.8,52.2,3,35.2472,-3.9322,Normal,None,Moderate,0.0,48.00000000000001,0.0,14.4,Low
Al Hoceïma,2026-09-20,28.0,23.1,0.0,10,24.4,43.9,3,35.2472,-3.9322,Normal,None,Moderate,3.0,40.666666666666664,0.0,13.4,Low
Al Hoceïma,2026-09-21,28.6,20.8,0.0,0,24.4,43.6,1,35.2472,-3.9322,Normal,None,Moderate,0.0,40.666666666666664,0.0,12.2,Low
Al Hoceïma,2026-09-22,27.9,17.8,0.0,0,16.3,32.8,0,35.2472,-3.9322,Normal,None,Normal,0.0,27.166666666666668,0.0,8.15,Low
Al Hoceïma,2026-09-23,26.4,17.6,0.0,0,12.6,22.3,2,35.2472,-3.9322,Normal,None,Normal,0.0,21.0,0.0,6.3,Low
Al Hoceïma,2026-09-24,26.7,19.3,0.0,0,8.4,16.2,45,35.2472,-3.9322,Normal,None,Normal,0.0,14.000000000000002,0.0,4.2,Low
Al Hoceïma,2026-09-25,27.7,21.1,0.0,0,7.2,14.8,45,35.2472,-3.9322,Normal,None,Normal,0.0,12.000000000000002,0.0,3.6,Low
Qasbat Tadla,2026-09-19,36.3,20.1,0.0,0,14.3,27.0,2,32.6,-6.26,Very Hot,None,Normal,0.0,23.833333333333336,62.999999999999964,26.05,Low
Qasbat Tadla,2026-09-20,38.0,21.5,0.0,0,15.9,30.2,3,32.6,-6.26,Very Hot,None,Normal,0.0,26.5,80.0,31.95,Medium
Qasbat Tadla,2026-09-21,37.0,20.2,0.0,0,16.8,30.6,2,32.6,-6.26,Very Hot,None,Normal,0.0,28.000000000000004,70.0,29.4,Low
Qasbat Tadla,2026-09-22,36.3,20.2,0.0,0,12.0,23.0,2,32.6,-6.26,Very Hot,None,Normal,0.0,20.0,62.999999999999964,24.9,Low
Qasbat Tadla,2026-09-23,36.6,17.9,0.0,0,10.2,19.4,0,32.6,-6.26,Very Hot,None,Normal,0.0,17.0,66.00000000000001,24.9,Low
Qasbat Tadla,2026-09-24,36.8,16.8,0.0,3,13.5,25.2,1,32.6,-6.26,Very Hot,None,Normal,0.8999999999999999,22.5,67.99999999999997,27.51,Low
Qasbat Tadla,2026-09-25,34.7,18.0,0.0,5,11.7,23.0,3,32.6,-6.26,Hot,None,Normal,1.5,19.499999999999996,47.00000000000003,20.55,Low
Aziylal,2026-09-19,27.7,18.7,0.1,20,13.5,36.7,3,31.96,-6.56,Normal,Light,Normal,6.233333333333333,22.5,0.0,9.24,Low
Aziylal,2026-09-20,28.4,19.8,0.1,15,18.7,40.0,3,31.96,-6.56,Normal,Light,Normal,4.733333333333333,31.166666666666664,0.0,11.24,Low
Aziylal,2026-09-21,28.6,18.8,0.0,3,19.3,43.2,2,31.96,-6.56,Normal,None,Normal,0.8999999999999999,32.166666666666664,0.0,10.01,Low
Aziylal,2026-09-22,28.5,18.2,0.0,0,21.7,45.4,2,31.96,-6.56,Normal,None,Moderate,0.0,36.166666666666664,0.0,10.85,Low
Aziylal,2026-09-23,28.8,16.8,0.0,0,16.7,35.3,0,31.96,-6.56,Normal,None,Normal,0.0,27.833333333333332,0.0,8.35,Low
Aziylal,2026-09-24,29.0,18.1,0.0,3,20.9,43.6,0,31.96,-6.56,Normal,None,Moderate,0.8999999999999999,34.833333333333336,0.0,10.81,Low
Aziylal,2026-09-25,27.3,17.2,0.3,10,15.2,35.3,3,31.96,-6.56,Normal,Light,Normal,3.7,25.33333333333333,0.0,9.08,Low
Boujad,2026-09-19,34.8,20.5,0.0,0,16.8,37.1,2,32.7741,-6.3925,Hot,None,Normal,0.0,28.000000000000004,47.99999999999997,22.8,Low
Boujad,2026-09-20,36.1,21.3,0.0,3,19.2,39.2,3,32.7741,-6.3925,Very Hot,None,Normal,0.8999999999999999,32.0,61.00000000000001,28.26,Low
Boujad,2026-09-21,35.0,20.8,0.0,0,17.4,32.8,2,32.7741,-6.3925,Hot,None,Normal,0.0,28.999999999999996,50.0,23.7,Low
Boujad,2026-09-22,34.3,20.9,0.0,0,12.3,23.0,2,32.7741,-6.3925,Hot,None,Normal,0.0,20.5,42.99999999999997,19.05,Low
Boujad,2026-09-23,34.7,18.5,0.0,0,13.5,27.7,0,32.7741,-6.3925,Hot,None,Normal,0.0,22.5,47.00000000000003,20.85,Low
Boujad,2026-09-24,34.1,19.7,0.0,0,12.8,31.7,2,32.7741,-6.3925,Hot,None,Normal,0.0,21.333333333333336,41.000000000000014,18.7,Low
Boujad,2026-09-25,32.9,20.0,0.0,0,17.4,33.8,3,32.7741,-6.3925,Hot,None,Normal,0.0,28.999999999999996,28.999999999999986,17.4,Low
Al Aaroui,2026-09-19,26.5,21.3,0.0,3,29.1,51.1,45,35.0104,-3.0073,Normal,None,Moderate,0.8999999999999999,48.50000000000001,0.0,14.91,Low
Al Aaroui,2026-09-20,27.3,21.9,0.0,8,27.2,49.0,3,35.0104,-3.0073,Normal,None,Moderate,2.4,45.33333333333333,0.0,14.56,Low
Al Aaroui,2026-09-21,27.3,20.2,0.0,3,25.0,43.9,3,35.0104,-3.0073,Normal,None,Moderate,0.8999999999999999,41.66666666666667,0.0,12.86,Low
Al Aaroui,2026-09-22,27.6,17.6,0.0,0,24.0,43.2,45,35.0104,-3.0073,Normal,None,Moderate,0.0,40.0,0.0,12.0,Low
Al Aaroui,2026-09-23,28.0,17.4,0.0,0,19.9,34.9,45,35.0104,-3.0073,Normal,None,Normal,0.0,33.166666666666664,0.0,9.95,Low
Al Aaroui,2026-09-24,31.5,16.9,0.0,0,14.2,26.6,45,35.0104,-3.0073,Hot,None,Normal,0.0,23.666666666666668,15.0,11.6,Low
Al Aaroui,2026-09-25,32.2,17.7,0.0,0,18.7,34.2,3,35.0104,-3.0073,Hot,None,Normal,0.0,31.166666666666664,22.00000000000003,15.95,Low
Mrirt,2026-09-19,31.5,18.0,0.0,10,16.6,38.9,3,33.1654,-5.5634,Hot,None,Normal,3.0,27.666666666666668,15.0,14.0,Low
Mrirt,2026-09-20,33.1,18.1,0.0,8,21.7,47.5,3,33.1654,-5.5634,Hot,None,Moderate,2.4,36.166666666666664,31.000000000000018,21.11,Low
Mrirt,2026-09-21,32.0,17.7,0.0,0,22.0,45.0,2,33.1654,-5.5634,Hot,None,Moderate,0.0,36.666666666666664,20.0,17.0,Low
Mrirt,2026-09-22,31.8,16.9,0.0,0,16.6,38.2,3,33.1654,-5.5634,Hot,None,Normal,0.0,27.666666666666668,18.000000000000007,13.7,Low
Mrirt,2026-09-23,32.1,16.2,0.0,0,13.0,34.9,1,33.1654,-5.5634,Hot,None,Normal,0.0,21.666666666666668,21.000000000000014,12.8,Low
Mrirt,2026-09-24,32.2,16.4,0.0,0,13.8,26.6,0,33.1654,-5.5634,Hot,None,Normal,0.0,23.0,22.00000000000003,13.5,Low
Mrirt,2026-09-25,31.7,15.5,0.0,8,15.3,34.9,3,33.1654,-5.5634,Hot,None,Normal,2.4,25.5,16.999999999999993,13.71,Low
Tineghir,2026-09-19,27.8,17.8,7.5,70,17.0,57.2,95,31.5147,-5.5328,Normal,Moderate,Normal,38.5,28.333333333333332,0.0,23.9,Low
Tineghir,2026-09-20,26.7,17.1,0.3,55,10.3,18.0,3,31.5147,-5.5328,Normal,Light,Normal,17.2,17.166666666666668,0.0,12.03,Low
Tineghir,2026-09-21,29.8,17.7,0.1,26,22.7,37.4,3,31.5147,-5.5328,Normal,Light,Moderate,8.033333333333333,37.83333333333333,0.0,14.56,Low
Tineghir,2026-09-22,30.3,17.3,0.0,0,24.9,45.7,1,31.5147,-5.5328,Hot,None,Moderate,0.0,41.5,3.000000000000007,13.35,Low
Tineghir,2026-09-23,30.0,16.7,0.0,0,15.2,28.4,0,31.5147,-5.5328,Normal,None,Normal,0.0,25.33333333333333,0.0,7.6,Low
Tineghir,2026-09-24,30.1,17.1,0.0,5,11.6,22.3,2,31.5147,-5.5328,Hot,None,Normal,1.5,19.333333333333332,1.0000000000000142,6.7,Low
Tineghir,2026-09-25,26.6,17.5,0.6,13,11.8,25.6,3,31.5147,-5.5328,Normal,Light,Normal,5.300000000000001,19.666666666666668,0.0,8.02,Low
Bouknadel,2026-09-19,28.0,18.1,0.0,0,14.2,25.6,1,34.1766,-6.6893,Normal,None,Normal,0.0,23.666666666666668,0.0,7.1,Low
Bouknadel,2026-09-20,31.7,19.9,0.0,0,13.3,24.5,1,34.1766,-6.6893,Hot,None,Normal,0.0,22.166666666666668,16.999999999999993,11.75,Low
Bouknadel,2026-09-21,30.0,20.6,0.0,0,12.8,22.7,1,34.1766,-6.6893,Normal,None,Normal,0.0,21.333333333333336,0.0,6.4,Low
Bouknadel,2026-09-22,28.6,20.4,0.0,0,12.6,22.0,0,34.1766,-6.6893,Normal,None,Normal,0.0,21.0,0.0,6.3,Low
Bouknadel,2026-09-23,27.7,19.0,0.0,0,13.3,24.1,45,34.1766,-6.6893,Normal,None,Normal,0.0,22.166666666666668,0.0,6.65,Low
Bouknadel,2026-09-24,28.1,18.1,0.0,0,10.9,26.3,45,34.1766,-6.6893,Normal,None,Normal,0.0,18.166666666666668,0.0,5.45,Low
Bouknadel,2026-09-25,25.9,20.0,0.0,0,10.7,26.3,45,34.1766,-6.6893,Normal,None,Normal,0.0,17.833333333333332,0.0,5.35,Low
Cabo Bojador,2026-09-19,25.1,19.9,0.0,0,20.7,40.7,3,26.1269,-14.4992,Normal,None,Moderate,0.0,34.5,0.0,10.35,Low
Cabo Bojador,2026-09-20,27.3,18.9,0.0,0,25.7,47.2,1,26.1269,-14.4992,Normal,None,Moderate,0.0,42.833333333333336,0.0,12.85,Low
Cabo Bojador,2026-09-21,27.0,20.4,0.0,5,27.1,48.2,1,26.1269,-14.4992,Normal,None,Moderate,1.5,45.16666666666667,0.0,14.15,Low
Cabo Bojador,2026-09-22,27.0,20.5,0.0,7,28.4,50.8,2,26.1269,-14.4992,Normal,None,Moderate,2.1,47.333333333333336,0.0,15.04,Low
Cabo Bojador,2026-09-23,29.1,20.6,0.0,2,26.5,46.1,1,26.1269,-14.4992,Normal,None,Moderate,0.6,44.166666666666664,0.0,13.49,Low
Cabo Bojador,2026-09-24,38.9,22.8,0.0,2,34.0,54.0,3,26.1269,-14.4992,Very Hot,None,Moderate,0.6,56.666666666666664,88.99999999999999,43.94,Medium
Cabo Bojador,2026-09-25,29.7,23.4,0.0,4,30.8,53.6,3,26.1269,-14.4992,Normal,None,Moderate,1.2,51.33333333333333,0.0,15.88,Low
Zagora,2026-09-19,32.7,25.1,0.0,8,23.0,37.8,3,30.3316,-5.8376,Hot,None,Moderate,2.4,38.333333333333336,27.00000000000003,20.56,Low
Zagora,2026-09-20,33.8,23.6,0.0,8,15.4,34.2,3,30.3316,-5.8376,Hot,None,Normal,2.4,25.666666666666664,37.99999999999997,20.06,Low
Zagora,2026-09-21,33.2,23.7,0.7,28,20.8,32.8,80,30.3316,-5.8376,Hot,Light,Moderate,10.033333333333333,34.66666666666667,32.00000000000003,24.01,Low
Zagora,2026-09-22,34.7,24.8,0.0,0,14.8,25.9,2,30.3316,-5.8376,Hot,None,Normal,0.0,24.666666666666668,47.00000000000003,21.5,Low
Zagora,2026-09-23,33.8,23.9,0.0,0,14.4,24.1,2,30.3316,-5.8376,Hot,None,Normal,0.0,24.000000000000004,37.99999999999997,18.6,Low
Zagora,2026-09-24,34.2,23.6,0.8,3,17.1,27.0,80,30.3316,-5.8376,Hot,Light,Normal,2.7666666666666666,28.500000000000004,42.00000000000003,22.26,Low
Zagora,2026-09-25,31.6,23.3,1.6,10,12.9,24.5,80,30.3316,-5.8376,Hot,Light,Normal,6.733333333333333,21.5,16.000000000000014,13.94,Low
Azemmour,2026-09-19,26.8,18.8,0.0,0,16.0,29.5,45,33.2833,-8.3333,Normal,None,Normal,0.0,26.666666666666668,0.0,8.0,Low
Azemmour,2026-09-20,28.9,18.6,0.0,0,12.0,22.3,45,33.2833,-8.3333,Normal,None,Normal,0.0,20.0,0.0,6.0,Low
Azemmour,2026-09-21,29.0,20.5,0.0,0,14.7,27.0,45,33.2833,-8.3333,Normal,None,Normal,0.0,24.5,0.0,7.35,Low
Azemmour,2026-09-22,27.7,18.9,0.0,0,12.5,24.1,45,33.2833,-8.3333,Normal,None,Normal,0.0,20.833333333333336,0.0,6.25,Low
Azemmour,2026-09-23,28.3,19.4,0.0,0,13.8,27.0,45,33.2833,-8.3333,Normal,None,Normal,0.0,23.0,0.0,6.9,Low
Azemmour,2026-09-24,27.2,18.9,0.0,0,12.4,25.2,3,33.2833,-8.3333,Normal,None,Normal,0.0,20.666666666666668,0.0,6.2,Low
Azemmour,2026-09-25,25.3,20.1,0.0,0,11.5,24.8,3,33.2833,-8.3333,Normal,None,Normal,0.0,19.166666666666668,0.0,5.75,Low
El Hajeb,2026-09-19,30.7,17.1,0.3,20,16.9,38.9,2,33.6928,-5.3711,Hot,Light,Normal,6.7,28.16666666666666,6.999999999999992,13.23,Low
El Hajeb,2026-09-20,32.0,20.5,0.0,0,17.6,38.5,2,33.6928,-5.3711,Hot,None,Normal,0.0,29.333333333333332,20.0,14.8,Low
El Hajeb,2026-09-21,31.6,20.8,0.0,0,20.0,41.8,1,33.6928,-5.3711,Hot,None,Normal,0.0,33.33333333333333,16.000000000000014,14.8,Low
El Hajeb,2026-09-22,31.0,19.9,0.0,0,18.8,41.8,0,33.6928,-5.3711,Hot,None,Normal,0.0,31.333333333333336,10.0,12.4,Low
El Hajeb,2026-09-23,31.6,19.3,0.0,0,15.5,33.5,0,33.6928,-5.3711,Hot,None,Normal,0.0,25.833333333333336,16.000000000000014,12.55,Low
El Hajeb,2026-09-24,32.6,20.5,0.0,0,19.5,39.2,2,33.6928,-5.3711,Hot,None,Normal,0.0,32.5,26.00000000000001,17.55,Low
El Hajeb,2026-09-25,30.6,18.5,0.0,3,19.8,38.9,3,33.6928,-5.3711,Hot,None,Normal,0.8999999999999999,33.0,6.000000000000014,12.06,Low
Jerada,2026-09-19,26.5,16.8,0.9,60,22.7,50.0,80,34.31,-2.16,Normal,Light,Moderate,20.1,37.83333333333333,0.0,19.39,Low
Jerada,2026-09-20,28.7,16.1,0.0,25,26.1,53.6,3,34.31,-2.16,Normal,None,Moderate,7.5,43.5,0.0,16.05,Low
Jerada,2026-09-21,25.9,15.8,0.0,3,23.0,48.2,3,34.31,-2.16,Normal,None,Moderate,0.8999999999999999,38.333333333333336,0.0,11.86,Low
Jerada,2026-09-22,27.6,15.5,0.0,0,17.7,47.9,2,34.31,-2.16,Normal,None,Normal,0.0,29.5,0.0,8.85,Low
Jerada,2026-09-23,29.0,16.2,0.0,0,15.9,42.5,2,34.31,-2.16,Normal,None,Normal,0.0,26.5,0.0,7.95,Low
Jerada,2026-09-24,30.0,16.1,0.0,0,16.7,28.1,0,34.31,-2.16,Normal,None,Normal,0.0,27.833333333333332,0.0,8.35,Low
Jerada,2026-09-25,31.4,16.6,0.0,0,21.6,42.1,3,34.31,-2.16,Hot,None,Moderate,0.0,36.00000000000001,13.999999999999984,15.0,Low
El Aïoun,2026-09-19,30.1,18.9,0.6,28,21.6,39.2,80,34.5726,-2.5127,Hot,Light,Moderate,9.8,36.00000000000001,1.0000000000000142,15.02,Low
El Aïoun,2026-09-20,31.2,18.7,0.0,10,21.7,38.2,45,34.5726,-2.5127,Hot,None,Moderate,3.0,36.166666666666664,11.999999999999993,15.65,Low
El Aïoun,2026-09-21,28.1,18.0,0.0,3,17.9,31.7,45,34.5726,-2.5127,Normal,None,Normal,0.8999999999999999,29.83333333333333,0.0,9.31,Low
El Aïoun,2026-09-22,30.0,14.6,0.0,0,15.8,32.4,45,34.5726,-2.5127,Normal,None,Normal,0.0,26.333333333333336,0.0,7.9,Low
El Aïoun,2026-09-23,31.3,15.3,0.0,0,14.8,27.4,0,34.5726,-2.5127,Hot,None,Normal,0.0,24.666666666666668,13.000000000000005,11.3,Low
El Aïoun,2026-09-24,34.4,16.2,0.0,0,17.7,28.8,1,34.5726,-2.5127,Hot,None,Normal,0.0,29.5,43.999999999999986,22.05,Low
El Aïoun,2026-09-25,33.2,18.6,0.0,0,16.6,28.8,3,34.5726,-2.5127,Hot,None,Normal,0.0,27.666666666666668,32.00000000000003,17.9,Low
Tameslouht,2026-09-19,35.2,20.4,0.0,10,14.3,24.1,3,31.5,-8.1,Very Hot,None,Normal,3.0,23.833333333333336,52.00000000000002,23.95,Low
Tameslouht,2026-09-20,36.4,23.6,0.0,35,26.1,42.8,3,31.5,-8.1,Very Hot,None,Moderate,10.5,43.5,63.99999999999999,36.45,Medium
Tameslouht,2026-09-21,36.8,23.3,0.0,0,22.2,36.4,3,31.5,-8.1,Very Hot,None,Moderate,0.0,37.0,67.99999999999997,31.5,Medium
Tameslouht,2026-09-22,37.0,22.2,0.0,0,19.8,30.2,2,31.5,-8.1,Very Hot,None,Normal,0.0,33.0,70.0,30.9,Medium
Tameslouht,2026-09-23,37.1,21.4,0.0,0,12.6,21.6,3,31.5,-8.1,Very Hot,None,Normal,0.0,21.0,71.00000000000001,27.6,Low
Tameslouht,2026-09-24,36.3,21.3,0.0,0,22.7,37.8,1,31.5,-8.1,Very Hot,None,Moderate,0.0,37.83333333333333,62.999999999999964,30.25,Medium
Tameslouht,2026-09-25,33.6,21.8,0.0,5,21.0,34.9,3,31.5,-8.1,Hot,None,Moderate,1.5,35.0,36.000000000000014,21.9,Low
Sidi Yahia El Gharb,2026-09-19,35.7,17.7,0.0,0,20.1,36.4,0,34.3058,-6.3058,Very Hot,None,Moderate,0.0,33.5,57.00000000000003,27.15,Low
Sidi Yahia El Gharb,2026-09-20,37.7,20.1,0.0,0,16.0,29.9,0,34.3058,-6.3058,Very Hot,None,Normal,0.0,26.666666666666668,77.00000000000003,31.1,Medium
Sidi Yahia El Gharb,2026-09-21,37.3,19.9,0.0,0,18.3,34.9,1,34.3058,-6.3058,Very Hot,None,Normal,0.0,30.5,72.99999999999997,31.05,Medium
Sidi Yahia El Gharb,2026-09-22,35.0,19.9,0.0,0,18.7,34.2,1,34.3058,-6.3058,Hot,None,Normal,0.0,31.166666666666664,50.0,24.35,Low
Sidi Yahia El Gharb,2026-09-23,35.4,17.7,0.0,0,15.6,30.2,0,34.3058,-6.3058,Very Hot,None,Normal,0.0,26.0,53.99999999999998,24.0,Low
Sidi Yahia El Gharb,2026-09-24,33.4,17.3,0.0,0,17.6,33.1,45,34.3058,-6.3058,Hot,None,Normal,0.0,29.333333333333332,33.999999999999986,19.0,Low
Sidi Yahia El Gharb,2026-09-25,29.3,19.7,0.0,3,16.6,31.7,45,34.3058,-6.3058,Normal,None,Normal,0.8999999999999999,27.666666666666668,0.0,8.66,Low
Chichaoua,2026-09-19,34.5,19.4,0.0,0,20.1,33.1,2,31.5333,-8.7667,Hot,None,Moderate,0.0,33.5,45.0,23.55,Low
Chichaoua,2026-09-20,34.8,21.8,0.0,8,22.8,36.7,3,31.5333,-8.7667,Hot,None,Moderate,2.4,38.0,47.99999999999997,26.76,Low
Chichaoua,2026-09-21,37.2,22.3,0.0,0,24.6,41.4,3,31.5333,-8.7667,Very Hot,None,Moderate,0.0,41.0,72.00000000000003,33.9,Medium
Chichaoua,2026-09-22,37.9,20.2,0.0,0,21.7,41.0,1,31.5333,-8.7667,Very Hot,None,Moderate,0.0,36.166666666666664,78.99999999999999,34.55,Medium
Chichaoua,2026-09-23,37.9,19.9,0.0,0,22.8,39.2,3,31.5333,-8.7667,Very Hot,None,Moderate,0.0,38.0,78.99999999999999,35.1,Medium
Chichaoua,2026-09-24,37.0,21.2,0.0,0,19.6,36.4,3,31.5333,-8.7667,Very Hot,None,Normal,0.0,32.66666666666667,70.0,30.8,Medium
Chichaoua,2026-09-25,32.3,20.6,0.0,0,20.9,35.6,3,31.5333,-8.7667,Hot,None,Moderate,0.0,34.833333333333336,22.99999999999997,17.35,Low
Al ’Attawia,2026-09-19,34.4,19.8,0.0,5,14.4,28.4,2,31.83,-7.31,Hot,None,Normal,1.5,24.000000000000004,43.999999999999986,21.0,Low
Al ’Attawia,2026-09-20,35.4,23.4,0.1,13,16.3,31.0,3,31.83,-7.31,Very Hot,Light,Normal,4.133333333333334,27.166666666666668,53.99999999999998,26.0,Low
Al ’Attawia,2026-09-21,35.4,21.3,0.0,0,15.9,29.2,2,31.83,-7.31,Very Hot,None,Normal,0.0,26.5,53.99999999999998,24.15,Low
Al ’Attawia,2026-09-22,35.9,20.7,0.0,0,16.9,31.3,2,31.83,-7.31,Very Hot,None,Normal,0.0,28.16666666666666,58.999999999999986,26.15,Low
Al ’Attawia,2026-09-23,35.6,18.7,0.0,0,13.1,23.8,3,31.83,-7.31,Very Hot,None,Normal,0.0,21.833333333333332,56.000000000000014,23.35,Low
Al ’Attawia,2026-09-24,35.7,17.9,0.0,3,13.8,25.6,3,31.83,-7.31,Very Hot,None,Normal,0.8999999999999999,23.0,57.00000000000003,24.36,Low
Al ’Attawia,2026-09-25,32.5,17.9,0.0,13,13.4,24.1,3,31.83,-7.31,Hot,None,Normal,3.9000000000000004,22.333333333333332,25.0,15.76,Low
Tabount,2026-09-19,31.0,19.9,0.2,30,27.2,43.2,80,30.9014,-6.9217,Hot,Light,Moderate,9.466666666666667,45.33333333333333,10.0,20.39,Low
Tabount,2026-09-20,30.9,19.1,0.8,28,24.8,48.2,95,30.9014,-6.9217,Hot,Light,Moderate,10.266666666666667,41.333333333333336,8.999999999999986,19.21,Low
Tabount,2026-09-21,32.3,19.1,0.2,5,25.8,41.4,80,30.9014,-6.9217,Hot,Light,Moderate,1.9666666666666668,43.0,22.99999999999997,20.59,Low
Tabount,2026-09-22,33.3,17.9,0.0,0,33.0,55.4,0,30.9014,-6.9217,Hot,None,Moderate,0.0,55.00000000000001,32.99999999999997,26.4,Low
Tabount,2026-09-23,33.2,17.2,0.0,0,22.3,38.9,2,30.9014,-6.9217,Hot,None,Moderate,0.0,37.16666666666667,32.00000000000003,20.75,Low
Tabount,2026-09-24,32.8,16.8,0.0,0,12.7,20.9,3,30.9014,-6.9217,Hot,None,Normal,0.0,21.166666666666664,27.999999999999968,14.75,Low
Tabount,2026-09-25,29.3,17.9,3.9,15,10.2,26.6,80,30.9014,-6.9217,Normal,Moderate,Normal,13.6,17.0,0.0,10.54,Low
Zaïo,2026-09-19,28.5,21.0,0.0,5,24.8,52.9,45,34.9396,-2.7334,Normal,None,Moderate,1.5,41.333333333333336,0.0,13.0,Low
Zaïo,2026-09-20,30.4,21.6,0.0,0,16.8,37.8,45,34.9396,-2.7334,Hot,None,Normal,0.0,28.000000000000004,3.9999999999999853,9.6,Low
Zaïo,2026-09-21,28.4,20.2,0.0,0,22.7,45.0,2,34.9396,-2.7334,Normal,None,Moderate,0.0,37.83333333333333,0.0,11.35,Low
Zaïo,2026-09-22,29.2,17.9,0.0,0,15.7,34.2,45,34.9396,-2.7334,Normal,None,Normal,0.0,26.166666666666664,0.0,7.85,Low
Zaïo,2026-09-23,30.3,17.8,0.0,0,11.4,27.7,45,34.9396,-2.7334,Hot,None,Normal,0.0,19.0,3.000000000000007,6.6,Low
Zaïo,2026-09-24,31.6,17.1,0.0,0,15.9,29.2,45,34.9396,-2.7334,Hot,None,Normal,0.0,26.5,16.000000000000014,12.75,Low
Zaïo,2026-09-25,33.2,17.6,0.0,0,14.8,27.4,3,34.9396,-2.7334,Hot,None,Normal,0.0,24.666666666666668,32.00000000000003,17.0,Low
Aguelmous,2026-09-19,31.2,18.2,0.0,8,16.3,34.6,2,33.1324,-5.8366,Hot,None,Normal,2.4,27.166666666666668,11.999999999999993,12.71,Low
Aguelmous,2026-09-20,32.4,19.5,0.0,5,20.9,50.0,2,33.1324,-5.8366,Hot,None,Moderate,1.5,34.833333333333336,23.999999999999986,18.25,Low
Aguelmous,2026-09-21,32.1,19.7,0.0,0,20.6,42.8,3,33.1324,-5.8366,Hot,None,Moderate,0.0,34.333333333333336,21.000000000000014,16.6,Low
Aguelmous,2026-09-22,31.2,19.5,0.0,0,16.2,33.1,1,33.1324,-5.8366,Hot,None,Normal,0.0,26.999999999999996,11.999999999999993,11.7,Low
Aguelmous,2026-09-23,31.5,18.0,0.0,0,11.1,26.3,0,33.1324,-5.8366,Hot,None,Normal,0.0,18.5,15.0,10.05,Low
Aguelmous,2026-09-24,31.6,18.2,0.0,0,15.3,31.0,0,33.1324,-5.8366,Hot,None,Normal,0.0,25.5,16.000000000000014,12.45,Low
Aguelmous,2026-09-25,30.4,18.4,0.0,8,16.5,36.0,3,33.1324,-5.8366,Hot,None,Normal,2.4,27.500000000000004,3.9999999999999853,10.41,Low
Asilah,2026-09-19,29.3,23.0,0.0,0,36.0,65.2,2,35.4667,-6.0333,Normal,None,Moderate,0.0,60.0,0.0,18.0,Low
Asilah,2026-09-20,30.2,24.1,0.0,0,28.2,51.5,1,35.4667,-6.0333,Hot,None,Moderate,0.0,47.0,1.9999999999999927,14.7,Low
Asilah,2026-09-21,30.8,23.7,0.0,0,25.8,49.3,1,35.4667,-6.0333,Hot,None,Moderate,0.0,43.0,8.000000000000007,15.3,Low
Asilah,2026-09-22,31.0,22.4,0.0,0,17.1,34.2,2,35.4667,-6.0333,Hot,None,Normal,0.0,28.500000000000004,10.0,11.55,Low
Asilah,2026-09-23,30.7,21.1,0.0,0,14.5,29.9,0,35.4667,-6.0333,Hot,None,Normal,0.0,24.166666666666668,6.999999999999992,9.35,Low
Asilah,2026-09-24,34.7,20.6,0.0,0,13.3,25.9,1,35.4667,-6.0333,Hot,None,Normal,0.0,22.166666666666668,47.00000000000003,20.75,Low
Asilah,2026-09-25,28.5,20.1,0.0,0,12.2,24.5,3,35.4667,-6.0333,Normal,None,Normal,0.0,20.333333333333332,0.0,6.1,Low
Imzouren,2026-09-19,29.2,20.4,0.0,0,26.3,48.2,3,35.1464,-3.8506,Normal,None,Moderate,0.0,43.833333333333336,0.0,13.15,Low
Imzouren,2026-09-20,28.8,21.8,0.0,0,19.9,36.7,3,35.1464,-3.8506,Normal,None,Normal,0.0,33.166666666666664,0.0,9.95,Low
Imzouren,2026-09-21,29.6,20.3,0.0,0,23.6,42.5,1,35.1464,-3.8506,Normal,None,Moderate,0.0,39.333333333333336,0.0,11.8,Low
Imzouren,2026-09-22,28.6,17.8,0.0,0,14.2,27.4,0,35.1464,-3.8506,Normal,None,Normal,0.0,23.666666666666668,0.0,7.1,Low
Imzouren,2026-09-23,27.1,17.8,0.0,0,13.8,25.2,2,35.1464,-3.8506,Normal,None,Normal,0.0,23.0,0.0,6.9,Low
Imzouren,2026-09-24,29.3,18.6,0.0,0,10.7,22.0,2,35.1464,-3.8506,Normal,None,Normal,0.0,17.833333333333332,0.0,5.35,Low
Imzouren,2026-09-25,30.0,22.6,0.0,0,11.2,22.0,3,35.1464,-3.8506,Normal,None,Normal,0.0,18.666666666666664,0.0,5.6,Low
Mediouna,2026-09-19,30.7,17.1,0.0,0,16.2,29.5,45,33.4556,-7.5208,Hot,None,Normal,0.0,26.999999999999996,6.999999999999992,10.2,Low
Mediouna,2026-09-20,35.4,18.4,0.0,0,16.5,31.0,1,33.4556,-7.5208,Very Hot,None,Normal,0.0,27.500000000000004,53.99999999999998,24.45,Low
Mediouna,2026-09-21,35.7,19.2,0.0,0,17.5,31.7,2,33.4556,-7.5208,Very Hot,None,Normal,0.0,29.166666666666668,57.00000000000003,25.85,Low
Mediouna,2026-09-22,34.7,18.9,0.0,0,16.6,29.9,0,33.4556,-7.5208,Hot,None,Normal,0.0,27.666666666666668,47.00000000000003,22.4,Low
Mediouna,2026-09-23,34.4,17.0,0.0,0,15.1,27.7,45,33.4556,-7.5208,Hot,None,Normal,0.0,25.166666666666664,43.999999999999986,20.75,Low
Mediouna,2026-09-24,28.3,16.9,0.0,0,11.3,30.2,45,33.4556,-7.5208,Normal,None,Normal,0.0,18.833333333333336,0.0,5.65,Low
Mediouna,2026-09-25,25.5,19.0,0.0,3,12.0,33.1,45,33.4556,-7.5208,Normal,None,Normal,0.8999999999999999,20.0,0.0,6.36,Low
Demnat,2026-09-19,31.5,18.4,0.0,13,15.3,27.4,2,31.7311,-7.0361,Hot,None,Normal,3.9000000000000004,25.5,15.0,13.71,Low
Demnat,2026-09-20,32.3,22.7,0.1,15,15.3,31.0,3,31.7311,-7.0361,Hot,Light,Normal,4.733333333333333,25.5,22.99999999999997,16.44,Low
Demnat,2026-09-21,31.8,20.9,0.0,0,18.4,35.6,2,31.7311,-7.0361,Hot,None,Normal,0.0,30.666666666666664,18.000000000000007,14.6,Low
Demnat,2026-09-22,32.6,20.2,0.0,0,18.0,34.9,2,31.7311,-7.0361,Hot,None,Normal,0.0,30.0,26.00000000000001,16.8,Low
Demnat,2026-09-23,32.6,18.5,0.0,0,16.4,31.7,2,31.7311,-7.0361,Hot,None,Normal,0.0,27.333333333333332,26.00000000000001,16.0,Low
Demnat,2026-09-24,32.6,18.1,0.0,5,15.4,30.2,3,31.7311,-7.0361,Hot,None,Normal,1.5,25.666666666666664,26.00000000000001,16.1,Low
Demnat,2026-09-25,29.9,16.7,0.0,15,15.8,30.2,3,31.7311,-7.0361,Normal,None,Normal,4.5,26.333333333333336,0.0,9.7,Low
Aïn Taoujdat,2026-09-19,33.5,18.8,0.0,5,16.0,31.0,2,33.9333,-5.2167,Hot,None,Normal,1.5,26.666666666666668,35.0,19.1,Low
Aïn Taoujdat,2026-09-20,34.9,19.4,0.0,0,14.0,28.1,1,33.9333,-5.2167,Hot,None,Normal,0.0,23.333333333333332,48.999999999999986,21.7,Low
Aïn Taoujdat,2026-09-21,34.3,19.6,0.0,0,12.4,24.5,1,33.9333,-5.2167,Hot,None,Normal,0.0,20.666666666666668,42.99999999999997,19.1,Low
Aïn Taoujdat,2026-09-22,33.2,18.8,0.0,0,14.1,27.4,0,33.9333,-5.2167,Hot,None,Normal,0.0,23.5,32.00000000000003,16.65,Low
Aïn Taoujdat,2026-09-23,34.0,18.2,0.0,0,14.4,29.5,0,33.9333,-5.2167,Hot,None,Normal,0.0,24.000000000000004,40.0,19.2,Low
Aïn Taoujdat,2026-09-24,35.6,19.6,0.0,0,17.3,33.1,2,33.9333,-5.2167,Very Hot,None,Normal,0.0,28.833333333333332,56.000000000000014,25.45,Low
Aïn Taoujdat,2026-09-25,32.7,18.9,0.0,3,18.4,34.2,3,33.9333,-5.2167,Hot,None,Normal,0.8999999999999999,30.666666666666664,27.00000000000003,17.66,Low
Sidi Smai’il,2026-09-19,31.4,17.2,0.0,0,17.7,31.0,3,32.8167,-8.5,Hot,None,Normal,0.0,29.5,13.999999999999984,13.05,Low
Sidi Smai’il,2026-09-20,33.0,19.3,0.0,0,16.3,28.4,2,32.8167,-8.5,Hot,None,Normal,0.0,27.166666666666668,30.0,17.15,Low
Sidi Smai’il,2026-09-21,36.1,20.3,0.0,0,14.5,25.9,3,32.8167,-8.5,Very Hot,None,Normal,0.0,24.166666666666668,61.00000000000001,25.55,Low
Sidi Smai’il,2026-09-22,34.3,17.8,0.0,0,16.0,28.8,45,32.8167,-8.5,Hot,None,Normal,0.0,26.666666666666668,42.99999999999997,20.9,Low
Sidi Smai’il,2026-09-23,35.5,16.7,0.0,0,14.9,27.4,45,32.8167,-8.5,Very Hot,None,Normal,0.0,24.833333333333336,55.00000000000001,23.95,Low
Sidi Smai’il,2026-09-24,30.8,18.2,0.0,3,15.5,28.8,3,32.8167,-8.5,Hot,None,Normal,0.8999999999999999,25.833333333333336,8.000000000000007,10.51,Low
Sidi Smai’il,2026-09-25,27.2,19.6,0.0,3,16.0,29.2,3,32.8167,-8.5,Normal,None,Normal,0.8999999999999999,26.666666666666668,0.0,8.36,Low
Moulay Bousselham,2026-09-19,29.8,18.2,0.0,0,15.4,26.3,0,34.8786,-6.2933,Normal,None,Normal,0.0,25.666666666666664,0.0,7.7,Low
Moulay Bousselham,2026-09-20,33.2,20.9,0.0,0,18.8,30.6,0,34.8786,-6.2933,Hot,None,Normal,0.0,31.333333333333336,32.00000000000003,19.0,Low
Moulay Bousselham,2026-09-21,31.2,20.9,0.0,0,17.3,29.2,0,34.8786,-6.2933,Hot,None,Normal,0.0,28.833333333333332,11.999999999999993,12.25,Low
Moulay Bousselham,2026-09-22,32.0,20.3,0.0,0,18.3,30.6,1,34.8786,-6.2933,Hot,None,Normal,0.0,30.5,20.0,15.15,Low
Moulay Bousselham,2026-09-23,30.9,17.3,0.0,0,18.7,30.6,0,34.8786,-6.2933,Hot,None,Normal,0.0,31.166666666666664,8.999999999999986,12.05,Low
Moulay Bousselham,2026-09-24,30.6,17.5,0.0,0,15.1,27.0,45,34.8786,-6.2933,Hot,None,Normal,0.0,25.166666666666664,6.000000000000014,9.35,Low
Moulay Bousselham,2026-09-25,26.6,19.4,0.0,0,14.1,25.6,45,34.8786,-6.2933,Normal,None,Normal,0.0,23.5,0.0,7.05,Low
Mechraa Bel Ksiri,2026-09-19,36.6,19.2,0.0,0,18.3,32.4,45,34.56,-5.95,Very Hot,None,Normal,0.0,30.5,66.00000000000001,28.95,Low
Mechraa Bel Ksiri,2026-09-20,37.6,24.5,0.0,0,21.6,40.0,0,34.56,-5.95,Very Hot,None,Moderate,0.0,36.00000000000001,76.00000000000001,33.6,Medium
Mechraa Bel Ksiri,2026-09-21,37.3,24.6,0.0,0,19.5,36.0,0,34.56,-5.95,Very Hot,None,Normal,0.0,32.5,72.99999999999997,31.65,Medium
Mechraa Bel Ksiri,2026-09-22,36.5,23.1,0.0,0,18.3,34.6,0,34.56,-5.95,Very Hot,None,Normal,0.0,30.5,65.0,28.65,Low
Mechraa Bel Ksiri,2026-09-23,36.7,18.3,0.0,0,14.5,30.6,0,34.56,-5.95,Very Hot,None,Normal,0.0,24.166666666666668,67.00000000000003,27.35,Low
Mechraa Bel Ksiri,2026-09-24,35.2,17.7,0.0,0,16.0,31.0,45,34.56,-5.95,Very Hot,None,Normal,0.0,26.666666666666668,52.00000000000002,23.6,Low
Mechraa Bel Ksiri,2026-09-25,30.1,19.9,0.0,3,16.6,31.3,45,34.56,-5.95,Hot,None,Normal,0.8999999999999999,27.666666666666668,1.0000000000000142,8.96,Low
Souk et Tnine Jorf el Mellah,2026-09-19,36.6,21.5,0.0,0,23.9,45.4,1,34.4945,-5.5047,Very Hot,None,Moderate,0.0,39.83333333333333,66.00000000000001,31.75,Medium
Souk et Tnine Jorf el Mellah,2026-09-20,37.3,24.5,0.0,0,20.7,40.0,0,34.4945,-5.5047,Very Hot,None,Moderate,0.0,34.5,72.99999999999997,32.25,Medium
Souk et Tnine Jorf el Mellah,2026-09-21,36.7,24.7,0.0,0,18.2,34.6,1,34.4945,-5.5047,Very Hot,None,Normal,0.0,30.333333333333336,67.00000000000003,29.2,Low
Souk et Tnine Jorf el Mellah,2026-09-22,36.1,23.4,0.0,0,16.9,33.1,0,34.4945,-5.5047,Very Hot,None,Normal,0.0,28.16666666666666,61.00000000000001,26.75,Low
Souk et Tnine Jorf el Mellah,2026-09-23,36.5,20.5,0.0,0,8.9,21.2,0,34.4945,-5.5047,Very Hot,None,Normal,0.0,14.833333333333334,65.0,23.95,Low
Souk et Tnine Jorf el Mellah,2026-09-24,37.1,19.7,0.0,0,15.6,27.4,2,34.4945,-5.5047,Very Hot,None,Normal,0.0,26.0,71.00000000000001,29.1,Low
Souk et Tnine Jorf el Mellah,2026-09-25,33.1,19.5,0.0,3,16.4,32.4,45,34.4945,-5.5047,Hot,None,Normal,0.8999999999999999,27.333333333333332,31.000000000000018,17.86,Low
Zeghanghane,2026-09-19,26.4,22.0,0.5,18,28.2,52.2,3,35.1575,-3.0017,Normal,Light,Moderate,6.566666666666666,47.0,0.0,16.73,Low
Zeghanghane,2026-09-20,26.8,22.3,0.6,28,27.1,51.5,3,35.1575,-3.0017,Normal,Light,Moderate,9.8,45.16666666666667,0.0,17.47,Low
Zeghanghane,2026-09-21,26.9,21.7,0.0,3,21.9,44.6,2,35.1575,-3.0017,Normal,None,Moderate,0.8999999999999999,36.5,0.0,11.31,Low
Zeghanghane,2026-09-22,27.1,18.6,0.0,0,20.6,41.8,2,35.1575,-3.0017,Normal,None,Moderate,0.0,34.333333333333336,0.0,10.3,Low
Zeghanghane,2026-09-23,27.5,18.3,0.0,0,17.4,35.3,45,35.1575,-3.0017,Normal,None,Normal,0.0,28.999999999999996,0.0,8.7,Low
Zeghanghane,2026-09-24,29.1,18.6,0.0,0,17.6,32.4,45,35.1575,-3.0017,Normal,None,Normal,0.0,29.333333333333332,0.0,8.8,Low
Zeghanghane,2026-09-25,31.2,18.0,0.0,0,12.4,24.1,45,35.1575,-3.0017,Hot,None,Normal,0.0,20.666666666666668,11.999999999999993,9.8,Low
Oulad Barhil,2026-09-19,37.1,20.3,0.0,3,25.5,49.3,3,30.6408,-8.475,Very Hot,None,Moderate,0.8999999999999999,42.5,71.00000000000001,34.41,Medium
Oulad Barhil,2026-09-20,37.5,21.9,0.0,3,22.2,49.7,3,30.6408,-8.475,Very Hot,None,Moderate,0.8999999999999999,37.0,75.0,33.96,Medium
Oulad Barhil,2026-09-21,38.0,22.1,0.0,0,29.5,51.8,3,30.6408,-8.475,Very Hot,None,Moderate,0.0,49.166666666666664,80.0,38.75,Medium
Oulad Barhil,2026-09-22,38.6,20.4,0.0,0,24.0,54.0,3,30.6408,-8.475,Very Hot,None,Moderate,0.0,40.0,86.00000000000001,37.8,Medium
Oulad Barhil,2026-09-23,39.3,20.8,0.0,5,23.2,56.9,3,30.6408,-8.475,Very Hot,None,Moderate,1.5,38.666666666666664,92.99999999999997,40.1,Medium
Oulad Barhil,2026-09-24,37.8,20.8,0.0,0,26.8,49.0,3,30.6408,-8.475,Very Hot,None,Moderate,0.0,44.666666666666664,77.99999999999997,36.8,Medium
Oulad Barhil,2026-09-25,35.6,19.9,0.0,0,21.6,40.0,3,30.6408,-8.475,Very Hot,None,Moderate,0.0,36.00000000000001,56.000000000000014,27.6,Low
Bir Jdid,2026-09-19,27.3,18.3,0.0,0,16.3,32.0,45,33.3737,-8.0002,Normal,None,Normal,0.0,27.166666666666668,0.0,8.15,Low
Bir Jdid,2026-09-20,31.1,19.2,0.0,0,14.0,28.1,45,33.3737,-8.0002,Hot,None,Normal,0.0,23.333333333333332,11.000000000000014,10.3,Low
Bir Jdid,2026-09-21,31.4,20.5,0.0,0,14.8,28.8,45,33.3737,-8.0002,Hot,None,Normal,0.0,24.666666666666668,13.999999999999984,11.6,Low
Bir Jdid,2026-09-22,30.0,18.3,0.0,0,14.2,28.1,45,33.3737,-8.0002,Normal,None,Normal,0.0,23.666666666666668,0.0,7.1,Low
Bir Jdid,2026-09-23,30.1,17.7,0.0,0,14.4,28.1,45,33.3737,-8.0002,Hot,None,Normal,0.0,24.000000000000004,1.0000000000000142,7.5,Low
Bir Jdid,2026-09-24,28.6,17.5,0.0,0,14.7,28.4,45,33.3737,-8.0002,Normal,None,Normal,0.0,24.5,0.0,7.35,Low
Bir Jdid,2026-09-25,25.6,19.2,0.0,0,14.5,28.4,45,33.3737,-8.0002,Normal,None,Normal,0.0,24.166666666666668,0.0,7.25,Low
Bou Arfa,2026-09-19,26.0,18.6,0.9,75,13.2,27.7,80,32.531,-1.9631,Normal,Light,Normal,24.6,22.0,0.0,16.44,Low
Bou Arfa,2026-09-20,26.8,15.9,1.4,28,29.5,50.4,80,32.531,-1.9631,Normal,Light,Moderate,11.666666666666666,49.166666666666664,0.0,19.42,Low
Bou Arfa,2026-09-21,26.9,15.8,0.0,0,18.8,33.8,3,32.531,-1.9631,Normal,None,Normal,0.0,31.333333333333336,0.0,9.4,Low
Bou Arfa,2026-09-22,26.3,15.2,0.0,0,14.8,24.1,3,32.531,-1.9631,Normal,None,Normal,0.0,24.666666666666668,0.0,7.4,Low
Bou Arfa,2026-09-23,27.7,13.0,0.0,0,11.6,18.7,0,32.531,-1.9631,Normal,None,Normal,0.0,19.333333333333332,0.0,5.8,Low
Bou Arfa,2026-09-24,29.0,14.5,0.0,0,8.6,13.7,2,32.531,-1.9631,Normal,None,Normal,0.0,14.333333333333334,0.0,4.3,Low
Bou Arfa,2026-09-25,29.4,16.5,0.0,3,14.2,22.7,3,32.531,-1.9631,Normal,None,Normal,0.8999999999999999,23.666666666666668,0.0,7.46,Low
Tahannawt,2026-09-19,31.8,18.5,0.1,18,23.5,50.8,3,31.3514,-7.9508,Hot,Light,Moderate,5.633333333333333,39.166666666666664,18.000000000000007,19.4,Low
Tahannawt,2026-09-20,32.5,22.6,0.0,25,20.7,36.0,3,31.3514,-7.9508,Hot,None,Moderate,7.5,34.5,25.0,20.85,Low
Tahannawt,2026-09-21,33.4,22.0,0.0,3,18.6,36.0,3,31.3514,-7.9508,Hot,None,Normal,0.8999999999999999,31.0,33.999999999999986,19.86,Low
Tahannawt,2026-09-22,33.6,22.1,0.0,0,16.1,29.5,2,31.3514,-7.9508,Hot,None,Normal,0.0,26.833333333333336,36.000000000000014,18.85,Low
Tahannawt,2026-09-23,33.7,19.6,0.0,0,15.0,28.1,3,31.3514,-7.9508,Hot,None,Normal,0.0,25.0,37.00000000000003,18.6,Low
Tahannawt,2026-09-24,33.8,19.3,0.0,3,16.2,28.8,1,31.3514,-7.9508,Hot,None,Normal,0.8999999999999999,26.999999999999996,37.99999999999997,19.86,Low
Tahannawt,2026-09-25,31.3,18.6,0.3,10,17.8,29.9,3,31.3514,-7.9508,Hot,Light,Normal,3.7,29.666666666666668,13.000000000000005,14.28,Low
Arfoud,2026-09-19,30.9,20.0,13.8,53,19.8,42.8,80,31.4361,-4.2328,Hot,Heavy,Normal,48.1,33.0,8.999999999999986,31.84,Medium
Arfoud,2026-09-20,30.2,19.5,0.0,8,13.3,20.9,3,31.4361,-4.2328,Hot,None,Normal,2.4,22.166666666666668,1.9999999999999927,8.21,Low
Arfoud,2026-09-21,32.8,20.3,0.1,13,12.9,37.1,3,31.4361,-4.2328,Hot,Light,Normal,4.133333333333334,21.5,27.999999999999968,16.5,Low
Arfoud,2026-09-22,31.5,20.4,0.0,3,10.5,17.3,3,31.4361,-4.2328,Hot,None,Normal,0.8999999999999999,17.5,15.0,10.11,Low
Arfoud,2026-09-23,31.2,19.5,0.0,3,6.3,13.0,2,31.4361,-4.2328,Hot,None,Normal,0.8999999999999999,10.5,11.999999999999993,7.11,Low
Arfoud,2026-09-24,32.1,20.8,0.0,0,6.0,9.4,2,31.4361,-4.2328,Hot,None,Normal,0.0,10.0,21.000000000000014,9.3,Low
Arfoud,2026-09-25,32.1,21.1,0.3,3,12.3,22.0,3,31.4361,-4.2328,Hot,Light,Normal,1.6,20.5,21.000000000000014,13.09,Low
Tahla,2026-09-19,32.0,20.2,0.1,15,23.5,45.4,2,34.05,-4.42,Hot,Light,Moderate,4.733333333333333,39.166666666666664,20.0,19.64,Low
Tahla,2026-09-20,33.4,20.9,0.0,0,20.5,40.0,0,34.05,-4.42,Hot,None,Moderate,0.0,34.166666666666664,33.999999999999986,20.45,Low
Tahla,2026-09-21,32.5,19.9,0.0,0,17.7,35.6,1,34.05,-4.42,Hot,None,Normal,0.0,29.5,25.0,16.35,Low
Tahla,2026-09-22,32.0,18.7,0.0,0,13.3,24.8,0,34.05,-4.42,Hot,None,Normal,0.0,22.166666666666668,20.0,12.65,Low
Tahla,2026-09-23,33.4,17.8,0.0,0,10.3,23.4,0,34.05,-4.42,Hot,None,Normal,0.0,17.166666666666668,33.999999999999986,15.35,Low
Tahla,2026-09-24,35.0,19.4,0.0,0,13.0,25.9,1,34.05,-4.42,Hot,None,Normal,0.0,21.666666666666668,50.0,21.5,Low
Tahla,2026-09-25,33.4,19.1,0.0,0,17.5,33.5,3,34.05,-4.42,Hot,None,Normal,0.0,29.166666666666668,33.999999999999986,18.95,Low
Missour,2026-09-19,30.0,17.7,3.0,53,20.3,47.9,61,33.05,-3.9908,Normal,Moderate,Moderate,22.9,33.83333333333333,0.0,19.31,Low
Missour,2026-09-20,31.1,16.6,0.0,15,25.0,38.9,2,33.05,-3.9908,Hot,None,Moderate,4.5,41.66666666666667,11.000000000000014,17.6,Low
Missour,2026-09-21,29.4,18.3,0.0,0,28.5,45.0,3,33.05,-3.9908,Normal,None,Moderate,0.0,47.5,0.0,14.25,Low
Missour,2026-09-22,29.8,15.5,0.0,0,23.4,38.2,1,33.05,-3.9908,Normal,None,Moderate,0.0,38.99999999999999,0.0,11.7,Low
Missour,2026-09-23,31.1,15.6,0.0,0,22.7,35.3,1,33.05,-3.9908,Hot,None,Moderate,0.0,37.83333333333333,11.000000000000014,14.65,Low
Missour,2026-09-24,33.2,16.2,0.0,0,9.4,15.1,2,33.05,-3.9908,Hot,None,Normal,0.0,15.666666666666668,32.00000000000003,14.3,Low
Missour,2026-09-25,33.2,17.1,0.0,0,14.8,22.3,3,33.05,-3.9908,Hot,None,Normal,0.0,24.666666666666668,32.00000000000003,17.0,Low
Sidi Lmokhtar,2026-09-19,33.6,19.4,0.0,0,15.9,26.3,2,31.57,-9.01,Hot,None,Normal,0.0,26.5,36.000000000000014,18.75,Low
Sidi Lmokhtar,2026-09-20,34.1,22.0,0.0,0,17.0,28.8,2,31.57,-9.01,Hot,None,Normal,0.0,28.333333333333332,41.000000000000014,20.8,Low
Sidi Lmokhtar,2026-09-21,37.5,22.9,0.0,0,19.1,30.2,3,31.57,-9.01,Very Hot,None,Normal,0.0,31.833333333333336,75.0,32.05,Medium
Sidi Lmokhtar,2026-09-22,37.4,20.1,0.0,0,21.1,35.6,3,31.57,-9.01,Very Hot,None,Moderate,0.0,35.16666666666667,73.99999999999999,32.75,Medium
Sidi Lmokhtar,2026-09-23,37.7,20.3,0.0,0,17.3,33.5,3,31.57,-9.01,Very Hot,None,Normal,0.0,28.833333333333332,77.00000000000003,31.75,Medium
Sidi Lmokhtar,2026-09-24,35.4,19.2,0.0,0,23.0,38.2,3,31.57,-9.01,Very Hot,None,Moderate,0.0,38.333333333333336,53.99999999999998,27.7,Low
Sidi Lmokhtar,2026-09-25,29.8,19.0,0.0,0,21.6,38.2,3,31.57,-9.01,Normal,None,Moderate,0.0,36.00000000000001,0.0,10.8,Low
Douar Toulal,2026-09-19,34.3,18.8,0.0,0,12.0,26.3,2,33.8951,-5.6021,Hot,None,Normal,0.0,20.0,42.99999999999997,18.9,Low
Douar Toulal,2026-09-20,35.7,20.6,0.0,0,12.5,28.8,1,33.8951,-5.6021,Very Hot,None,Normal,0.0,20.833333333333336,57.00000000000003,23.35,Low
Douar Toulal,2026-09-21,35.3,20.5,0.0,0,13.4,30.6,1,33.8951,-5.6021,Very Hot,None,Normal,0.0,22.333333333333332,52.99999999999997,22.6,Low
Douar Toulal,2026-09-22,34.1,19.6,0.0,0,15.0,34.2,0,33.8951,-5.6021,Hot,None,Normal,0.0,25.0,41.000000000000014,19.8,Low
Douar Toulal,2026-09-23,34.5,17.4,0.0,0,12.3,28.8,0,33.8951,-5.6021,Hot,None,Normal,0.0,20.5,45.0,19.65,Low
Douar Toulal,2026-09-24,35.2,19.3,0.0,0,16.8,33.1,1,33.8951,-5.6021,Very Hot,None,Normal,0.0,28.000000000000004,52.00000000000002,24.0,Low
Douar Toulal,2026-09-25,31.7,18.6,0.0,3,19.7,37.4,3,33.8951,-5.6021,Hot,None,Normal,0.8999999999999999,32.83333333333333,16.999999999999993,15.31,Low
Oulad Yaïch,2026-09-19,36.5,21.4,0.0,3,13.0,25.9,2,32.4167,-6.3333,Very Hot,None,Normal,0.8999999999999999,21.666666666666668,65.0,26.36,Low
Oulad Yaïch,2026-09-20,37.9,23.7,0.0,3,16.0,30.6,3,32.4167,-6.3333,Very Hot,None,Normal,0.8999999999999999,26.666666666666668,78.99999999999999,32.06,Medium
Oulad Yaïch,2026-09-21,36.9,22.6,0.0,0,13.0,23.4,2,32.4167,-6.3333,Very Hot,None,Normal,0.0,21.666666666666668,68.99999999999999,27.2,Low
Oulad Yaïch,2026-09-22,36.7,23.1,0.0,0,9.4,18.4,2,32.4167,-6.3333,Very Hot,None,Normal,0.0,15.666666666666668,67.00000000000003,24.8,Low
Oulad Yaïch,2026-09-23,36.9,20.8,0.0,0,10.3,20.2,0,32.4167,-6.3333,Very Hot,None,Normal,0.0,17.166666666666668,68.99999999999999,25.85,Low
Oulad Yaïch,2026-09-24,36.1,22.6,0.0,3,17.4,32.8,1,32.4167,-6.3333,Very Hot,None,Normal,0.8999999999999999,28.999999999999996,61.00000000000001,27.36,Low
Oulad Yaïch,2026-09-25,33.7,24.1,0.0,5,10.8,25.2,3,32.4167,-6.3333,Hot,None,Normal,1.5,18.000000000000004,37.00000000000003,17.1,Low
Zawyat ech Cheïkh,2026-09-19,34.2,18.9,0.0,0,12.0,22.3,2,32.6541,-5.9214,Hot,None,Normal,0.0,20.0,42.00000000000003,18.6,Low
Zawyat ech Cheïkh,2026-09-20,35.8,19.0,0.0,0,11.8,23.0,2,32.6541,-5.9214,Very Hot,None,Normal,0.0,19.666666666666668,57.99999999999997,23.3,Low
Zawyat ech Cheïkh,2026-09-21,34.8,18.2,0.0,3,15.8,29.5,3,32.6541,-5.9214,Hot,None,Normal,0.8999999999999999,26.333333333333336,47.99999999999997,22.66,Low
Zawyat ech Cheïkh,2026-09-22,33.7,18.5,0.0,0,13.4,25.6,2,32.6541,-5.9214,Hot,None,Normal,0.0,22.333333333333332,37.00000000000003,17.8,Low
Zawyat ech Cheïkh,2026-09-23,34.3,15.9,0.0,0,12.2,22.7,0,32.6541,-5.9214,Hot,None,Normal,0.0,20.333333333333332,42.99999999999997,19.0,Low
Zawyat ech Cheïkh,2026-09-24,34.8,17.2,0.0,3,15.9,29.2,1,32.6541,-5.9214,Hot,None,Normal,0.8999999999999999,26.5,47.99999999999997,22.71,Low
Zawyat ech Cheïkh,2026-09-25,32.7,19.3,0.0,3,12.9,24.5,3,32.6541,-5.9214,Hot,None,Normal,0.8999999999999999,21.5,27.00000000000003,14.91,Low
Imi-n-Tanout,2026-09-19,30.7,19.9,0.0,8,18.2,32.4,3,31.177,-8.8504,Hot,None,Normal,2.4,30.333333333333336,6.999999999999992,12.16,Low
Imi-n-Tanout,2026-09-20,31.5,22.9,0.5,38,17.5,33.1,80,31.177,-8.8504,Hot,Light,Normal,12.566666666666666,29.166666666666668,15.0,18.28,Low
Imi-n-Tanout,2026-09-21,34.0,23.1,0.0,3,24.9,42.1,3,31.177,-8.8504,Hot,None,Moderate,0.8999999999999999,41.5,40.0,24.81,Low
Imi-n-Tanout,2026-09-22,34.0,23.1,0.0,0,19.4,37.1,1,31.177,-8.8504,Hot,None,Normal,0.0,32.33333333333333,40.0,21.7,Low
Imi-n-Tanout,2026-09-23,33.9,22.4,0.0,5,19.7,35.3,3,31.177,-8.8504,Hot,None,Normal,1.5,32.83333333333333,38.999999999999986,22.15,Low
Imi-n-Tanout,2026-09-24,34.0,22.7,0.0,0,20.6,36.0,3,31.177,-8.8504,Hot,None,Moderate,0.0,34.333333333333336,40.0,22.3,Low
Imi-n-Tanout,2026-09-25,31.2,18.8,0.0,3,16.3,33.1,3,31.177,-8.8504,Hot,None,Normal,0.8999999999999999,27.166666666666668,11.999999999999993,12.11,Low
Sebt Gzoula,2026-09-19,32.4,18.6,0.0,0,14.8,28.4,2,32.1219,-9.0889,Hot,None,Normal,0.0,24.666666666666668,23.999999999999986,14.6,Low
Sebt Gzoula,2026-09-20,30.3,21.7,0.0,0,14.8,29.2,3,32.1219,-9.0889,Hot,None,Normal,0.0,24.666666666666668,3.000000000000007,8.3,Low
Sebt Gzoula,2026-09-21,34.6,21.6,0.0,0,12.9,24.8,3,32.1219,-9.0889,Hot,None,Normal,0.0,21.5,46.000000000000014,20.25,Low
Sebt Gzoula,2026-09-22,34.7,19.7,0.0,0,17.1,33.5,1,32.1219,-9.0889,Hot,None,Normal,0.0,28.500000000000004,47.00000000000003,22.65,Low
Sebt Gzoula,2026-09-23,37.3,19.3,0.0,0,14.5,27.7,3,32.1219,-9.0889,Very Hot,None,Normal,0.0,24.166666666666668,72.99999999999997,29.15,Low
Sebt Gzoula,2026-09-24,27.4,18.3,0.0,0,12.7,25.9,3,32.1219,-9.0889,Normal,None,Normal,0.0,21.166666666666664,0.0,6.35,Low
Sebt Gzoula,2026-09-25,26.7,19.0,0.0,3,15.6,31.0,3,32.1219,-9.0889,Normal,None,Normal,0.8999999999999999,26.0,0.0,8.16,Low
Tifariti,2026-09-19,31.6,16.7,0.0,0,25.2,36.7,3,26.158,-10.567,Hot,None,Moderate,0.0,42.0,16.000000000000014,17.4,Low
Tifariti,2026-09-20,37.5,19.4,0.0,0,14.4,27.4,0,26.158,-10.567,Very Hot,None,Normal,0.0,24.000000000000004,75.0,29.7,Low
Tifariti,2026-09-21,38.6,25.1,0.0,2,17.5,31.7,3,26.158,-10.567,Very Hot,None,Normal,0.6,29.166666666666668,86.00000000000001,34.79,Medium
Tifariti,2026-09-22,38.7,25.3,0.0,0,20.7,34.2,3,26.158,-10.567,Very Hot,None,Moderate,0.0,34.5,87.00000000000003,36.45,Medium
Tifariti,2026-09-23,38.3,26.0,0.0,0,18.7,34.9,1,26.158,-10.567,Very Hot,None,Normal,0.0,31.166666666666664,82.99999999999997,34.25,Medium
Tifariti,2026-09-24,39.2,26.9,0.0,0,21.1,36.0,3,26.158,-10.567,Very Hot,None,Moderate,0.0,35.16666666666667,92.00000000000003,38.15,Medium
Tifariti,2026-09-25,37.5,26.0,0.0,2,22.4,35.6,3,26.158,-10.567,Very Hot,None,Moderate,0.6,37.33333333333333,75.0,33.94,Medium
